id,date_created,date_updated,visible_status,title,incipit,siglum,folio,s_sequence,rubrics,analecta_hymnica,indexing_notes,date,col1,col2,col3,ah_volume,cantus_id,image_link,json_info,marginalia,c_sequence,position,mode,differentia,finalis,extra,chant_range,addendum,manuscript_full_text_std_spelling,manuscript_full_text_std_proofread,manuscript_full_text,manuscript_full_text_proofread,manuscript_syllabized_full_text,volpiano,volpiano_proofread,volpiano_notes,volpiano_intervals,cao_concordances,melody_id,search_vector,content_structure,feast_id,genre_id,service_id,source_id,differentiae_database,is_last_chant_in_feast,next_chant_id,created_by_id,last_updated_by_id,diff_db_id,cm_melody_id,incipit_of_refrain,later_addition,liturgical_function,polyphony,project_id
628334,2023-06-09 15:37:32.710444+00,2023-07-20 16:31:12.037884+00,1,Gaude mater luminis ,Gaude mater luminis ,A-Gu 1584,1r,01,[none],54:225,,13a/dn,,,,54,ah54225,,"{""log"": ""Created by FeedsNodeProcessor"", ""nid"": ""628334"", ""uid"": ""1"", ""vid"": ""628334"", ""data"": ""a:1:{s:7:\""contact\"";i:0;}"", ""name"": ""admin"", ""tnid"": ""0"", ""type"": ""sequence"", ""title"": ""Gaude mater luminis "", ""status"": ""1"", ""sticky"": ""0"", ""changed"": ""1485959988"", ""comment"": ""0"", ""created"": ""1432593281"", ""picture"": ""0"", ""promote"": ""0"", ""language"": ""und"", ""ds_switch"": """", ""translate"": ""0"", ""field_col1"": [], ""field_col2"": [], ""field_col3"": [], ""field_date"": {""und"": [{""value"": ""13a/dn"", ""format"": null, ""safe_value"": ""13a/dn""}]}, ""field_folio"": {""und"": [{""value"": ""1r"", ""format"": null, ""safe_value"": ""1r""}]}, ""rdf_mapping"": {""uid"": {""type"": ""rel"", ""predicates"": [""sioc:has_creator""]}, ""body"": {""predicates"": [""content:encoded""]}, ""name"": {""predicates"": [""foaf:name""]}, ""title"": {""predicates"": [""dc:title""]}, ""changed"": {""callback"": ""date_iso8601"", ""datatype"": ""xsd:dateTime"", ""predicates"": [""dc:modified""]}, ""created"": {""callback"": ""date_iso8601"", ""datatype"": ""xsd:dateTime"", ""predicates"": [""dc:date"", ""dc:created""]}, ""rdftype"": [""sioc:Item"", ""foaf:Document""], ""comment_count"": {""datatype"": ""xsd:integer"", ""predicates"": [""sioc:num_replies""]}, ""last_activity"": {""callback"": ""date_iso8601"", ""datatype"": ""xsd:dateTime"", ""predicates"": [""sioc:last_activity_date""]}}, ""field_ah_vol"": {""und"": [{""value"": ""54"", ""format"": null, ""safe_value"": ""54""}]}, ""field_source"": {""und"": [{""target_id"": ""123931""}]}, ""revision_uid"": ""1"", ""field_incipit"": {""und"": [{""value"": ""Gaude mater luminis "", ""format"": null, ""safe_value"": ""Gaude mater luminis ""}]}, ""field_rubrics"": {""und"": [{""value"": ""[none]"", ""format"": null, ""safe_value"": ""[none]""}]}, ""field_mc_genre"": {""und"": [{""tid"": ""158""}]}, ""field_cantus_id"": {""und"": [{""value"": ""ah54225"", ""format"": null, ""safe_value"": ""ah54225""}]}, ""field_siglum_chant"": {""und"": [{""value"": ""A-Gu 1584"", ""format"": null, ""safe_value"": ""A-Gu 1584""}]}, ""revision_timestamp"": ""1485959988"", ""field_sequence_text"": {""und"": [{""value"": ""01"", ""format"": null, ""safe_value"": ""01""}]}, ""field_indexing_notes"": [], ""field_analecta_hymnica"": {""und"": [{""value"": ""54:225"", ""format"": null, ""safe_value"": ""54:225""}]}, ""field_image_link_chant"": []}",,,,,,,,,,,,,,,,,,,,,,,,158,,123931,,,,1,,,,,,,,
635126,2023-06-09 15:51:56.904466+00,2023-07-20 16:45:50.129201+00,1,Gaude mater luminis,Gaude mater luminis,A-Gu 17,370v,72,Alia [de b. virgine],54:225,,15d/dd,,,,54,ah54225,,"{""log"": ""Created by FeedsNodeProcessor"", ""nid"": ""635126"", ""uid"": ""1"", ""vid"": ""635126"", ""data"": ""a:1:{s:7:\""contact\"";i:0;}"", ""name"": ""admin"", ""tnid"": ""0"", ""type"": ""sequence"", ""title"": ""Gaude mater luminis"", ""status"": ""1"", ""sticky"": ""0"", ""changed"": ""1485959997"", ""comment"": ""0"", ""created"": ""1432593694"", ""picture"": ""0"", ""promote"": ""0"", ""language"": ""und"", ""ds_switch"": """", ""translate"": ""0"", ""field_col1"": [], ""field_col2"": [], ""field_col3"": [], ""field_date"": {""und"": [{""value"": ""15d/dd"", ""format"": ""plain_text"", ""safe_value"": ""15d/dd""}]}, ""field_folio"": {""und"": [{""value"": ""370v"", ""format"": ""plain_text"", ""safe_value"": ""370v""}]}, ""rdf_mapping"": {""uid"": {""type"": ""rel"", ""predicates"": [""sioc:has_creator""]}, ""body"": {""predicates"": [""content:encoded""]}, ""name"": {""predicates"": [""foaf:name""]}, ""title"": {""predicates"": [""dc:title""]}, ""changed"": {""callback"": ""date_iso8601"", ""datatype"": ""xsd:dateTime"", ""predicates"": [""dc:modified""]}, ""created"": {""callback"": ""date_iso8601"", ""datatype"": ""xsd:dateTime"", ""predicates"": [""dc:date"", ""dc:created""]}, ""rdftype"": [""sioc:Item"", ""foaf:Document""], ""comment_count"": {""datatype"": ""xsd:integer"", ""predicates"": [""sioc:num_replies""]}, ""last_activity"": {""callback"": ""date_iso8601"", ""datatype"": ""xsd:dateTime"", ""predicates"": [""sioc:last_activity_date""]}}, ""field_ah_vol"": {""und"": [{""value"": ""54"", ""format"": null, ""safe_value"": ""54""}]}, ""field_source"": {""und"": [{""target_id"": ""124052""}]}, ""revision_uid"": ""1"", ""field_incipit"": {""und"": [{""value"": ""Gaude mater luminis"", ""format"": ""plain_text"", ""safe_value"": ""Gaude mater luminis""}]}, ""field_rubrics"": {""und"": [{""value"": ""Alia [de b. virgine]"", ""format"": ""plain_text"", ""safe_value"": ""Alia [de b. virgine]""}]}, ""field_mc_genre"": {""und"": [{""tid"": ""158""}]}, ""field_cantus_id"": {""und"": [{""value"": ""ah54225"", ""format"": null, ""safe_value"": ""ah54225""}]}, ""field_siglum_chant"": {""und"": [{""value"": ""A-Gu 17"", ""format"": ""plain_text"", ""safe_value"": ""A-Gu 17""}]}, ""revision_timestamp"": ""1485959997"", ""field_sequence_text"": {""und"": [{""value"": ""72"", ""format"": ""plain_text"", ""safe_value"": ""72""}]}, ""field_indexing_notes"": [], ""field_analecta_hymnica"": {""und"": [{""value"": ""54:225"", ""format"": ""plain_text"", ""safe_value"": ""54:225""}]}, ""field_image_link_chant"": []}",,,,,,,,,,,,,,,,,,,,,,,,158,,124052,,,,1,,,,,,,,
629750,2023-06-09 15:40:46.62151+00,2023-07-20 16:35:06.374111+00,1,Gaude mater luminis quam divini numinis,Gaude mater luminis quam divini numinis,A-Gu 281,77r,076,Item alia sequencia de beata virgine,54:225,,13cd/d-sn,,,,54,ah54225,,"{""log"": ""Created by FeedsNodeProcessor"", ""nid"": ""629750"", ""uid"": ""1"", ""vid"": ""629750"", ""data"": ""a:1:{s:7:\""contact\"";i:0;}"", ""name"": ""admin"", ""tnid"": ""0"", ""type"": ""sequence"", ""title"": ""Gaude mater luminis quam divini numinis"", ""status"": ""1"", ""sticky"": ""0"", ""changed"": ""1485960001"", ""comment"": ""0"", ""created"": ""1432593596"", ""picture"": ""0"", ""promote"": ""0"", ""language"": ""und"", ""ds_switch"": """", ""translate"": ""0"", ""field_col1"": [], ""field_col2"": [], ""field_col3"": [], ""field_date"": {""und"": [{""value"": ""13cd/d-sn"", ""format"": ""plain_text"", ""safe_value"": ""13cd/d-sn""}]}, ""field_folio"": {""und"": [{""value"": ""77r"", ""format"": ""plain_text"", ""safe_value"": ""77r""}]}, ""rdf_mapping"": {""uid"": {""type"": ""rel"", ""predicates"": [""sioc:has_creator""]}, ""body"": {""predicates"": [""content:encoded""]}, ""name"": {""predicates"": [""foaf:name""]}, ""title"": {""predicates"": [""dc:title""]}, ""changed"": {""callback"": ""date_iso8601"", ""datatype"": ""xsd:dateTime"", ""predicates"": [""dc:modified""]}, ""created"": {""callback"": ""date_iso8601"", ""datatype"": ""xsd:dateTime"", ""predicates"": [""dc:date"", ""dc:created""]}, ""rdftype"": [""sioc:Item"", ""foaf:Document""], ""comment_count"": {""datatype"": ""xsd:integer"", ""predicates"": [""sioc:num_replies""]}, ""last_activity"": {""callback"": ""date_iso8601"", ""datatype"": ""xsd:dateTime"", ""predicates"": [""sioc:last_activity_date""]}}, ""field_ah_vol"": {""und"": [{""value"": ""54"", ""format"": null, ""safe_value"": ""54""}]}, ""field_source"": {""und"": [{""target_id"": ""123957""}]}, ""revision_uid"": ""1"", ""field_incipit"": {""und"": [{""value"": ""Gaude mater luminis quam divini numinis"", ""format"": ""plain_text"", ""safe_value"": ""Gaude mater luminis quam divini numinis""}]}, ""field_rubrics"": {""und"": [{""value"": ""Item alia sequencia de beata virgine"", ""format"": ""plain_text"", ""safe_value"": ""Item alia sequencia de beata virgine""}]}, ""field_mc_genre"": {""und"": [{""tid"": ""158""}]}, ""field_cantus_id"": {""und"": [{""value"": ""ah54225"", ""format"": null, ""safe_value"": ""ah54225""}]}, ""field_siglum_chant"": {""und"": [{""value"": ""A-Gu 281"", ""format"": ""plain_text"", ""safe_value"": ""A-Gu 281""}]}, ""revision_timestamp"": ""1485960001"", ""field_sequence_text"": {""und"": [{""value"": ""076"", ""format"": ""plain_text"", ""safe_value"": ""076""}]}, ""field_indexing_notes"": [], ""field_analecta_hymnica"": {""und"": [{""value"": ""54:225"", ""format"": ""plain_text"", ""safe_value"": ""54:225""}]}, ""field_image_link_chant"": []}",,,,,,,,,,,,,,,,,,,,,,,,158,,123957,,,,1,,,,,,,,
627060,2023-06-09 15:33:55.32274+00,2023-07-20 16:28:47.790727+00,1,Gaude mater luminis quam divini numinis,Gaude mater luminis quam divini numinis,A-Gu 479,150v,106,Item alia,54:225,,12d/d-sn,,,,54,ah54225,,"{""log"": ""Created by FeedsNodeProcessor"", ""nid"": ""627060"", ""uid"": ""1"", ""vid"": ""627060"", ""data"": ""a:1:{s:7:\""contact\"";i:0;}"", ""name"": ""admin"", ""tnid"": ""0"", ""type"": ""sequence"", ""title"": ""Gaude mater luminis quam divini numinis"", ""status"": ""1"", ""sticky"": ""0"", ""changed"": ""1485960008"", ""comment"": ""0"", ""created"": ""1432593255"", ""picture"": ""0"", ""promote"": ""0"", ""language"": ""und"", ""ds_switch"": """", ""translate"": ""0"", ""field_col1"": [], ""field_col2"": [], ""field_col3"": [], ""field_date"": {""und"": [{""value"": ""12d/d-sn"", ""format"": ""plain_text"", ""safe_value"": ""12d/d-sn""}]}, ""field_folio"": {""und"": [{""value"": ""150v"", ""format"": ""plain_text"", ""safe_value"": ""150v""}]}, ""rdf_mapping"": {""uid"": {""type"": ""rel"", ""predicates"": [""sioc:has_creator""]}, ""body"": {""predicates"": [""content:encoded""]}, ""name"": {""predicates"": [""foaf:name""]}, ""title"": {""predicates"": [""dc:title""]}, ""changed"": {""callback"": ""date_iso8601"", ""datatype"": ""xsd:dateTime"", ""predicates"": [""dc:modified""]}, ""created"": {""callback"": ""date_iso8601"", ""datatype"": ""xsd:dateTime"", ""predicates"": [""dc:date"", ""dc:created""]}, ""rdftype"": [""sioc:Item"", ""foaf:Document""], ""comment_count"": {""datatype"": ""xsd:integer"", ""predicates"": [""sioc:num_replies""]}, ""last_activity"": {""callback"": ""date_iso8601"", ""datatype"": ""xsd:dateTime"", ""predicates"": [""sioc:last_activity_date""]}}, ""field_ah_vol"": {""und"": [{""value"": ""54"", ""format"": null, ""safe_value"": ""54""}]}, ""field_source"": {""und"": [{""target_id"": ""123902""}]}, ""revision_uid"": ""1"", ""field_incipit"": {""und"": [{""value"": ""Gaude mater luminis quam divini numinis"", ""format"": ""plain_text"", ""safe_value"": ""Gaude mater luminis quam divini numinis""}]}, ""field_rubrics"": {""und"": [{""value"": ""Item alia"", ""format"": ""plain_text"", ""safe_value"": ""Item alia""}]}, ""field_mc_genre"": {""und"": [{""tid"": ""158""}]}, ""field_cantus_id"": {""und"": [{""value"": ""ah54225"", ""format"": null, ""safe_value"": ""ah54225""}]}, ""field_siglum_chant"": {""und"": [{""value"": ""A-Gu 479"", ""format"": ""plain_text"", ""safe_value"": ""A-Gu 479""}]}, ""revision_timestamp"": ""1485960008"", ""field_sequence_text"": {""und"": [{""value"": ""106"", ""format"": ""plain_text"", ""safe_value"": ""106""}]}, ""field_indexing_notes"": [], ""field_analecta_hymnica"": {""und"": [{""value"": ""54:225"", ""format"": ""plain_text"", ""safe_value"": ""54:225""}]}, ""field_image_link_chant"": []}",,,,,,,,,,,,,,,,,,,,,,,,158,,123902,,,,1,,,,,,,,
626547,2023-06-09 15:32:26.974187+00,2023-07-20 16:27:50.480381+00,1,Gaude mater luminis quam divini numinis,Gaude mater luminis quam divini numinis,A-Lol 286,60v,59,alia,54:225,,12c/d-sn,,,,54,ah54225,,"{""log"": ""Created by FeedsNodeProcessor"", ""nid"": ""626547"", ""uid"": ""1"", ""vid"": ""626547"", ""data"": ""a:1:{s:7:\""contact\"";i:0;}"", ""name"": ""admin"", ""tnid"": ""0"", ""type"": ""sequence"", ""title"": ""Gaude mater luminis quam divini numinis"", ""status"": ""1"", ""sticky"": ""0"", ""changed"": ""1485960025"", ""comment"": ""0"", ""created"": ""1432593247"", ""picture"": ""0"", ""promote"": ""0"", ""language"": ""und"", ""ds_switch"": """", ""translate"": ""0"", ""field_col1"": [], ""field_col2"": [], ""field_col3"": [], ""field_date"": {""und"": [{""value"": ""12c/d-sn"", ""format"": ""plain_text"", ""safe_value"": ""12c/d-sn""}]}, ""field_folio"": {""und"": [{""value"": ""60v"", ""format"": ""plain_text"", ""safe_value"": ""60v""}]}, ""rdf_mapping"": {""uid"": {""type"": ""rel"", ""predicates"": [""sioc:has_creator""]}, ""body"": {""predicates"": [""content:encoded""]}, ""name"": {""predicates"": [""foaf:name""]}, ""title"": {""predicates"": [""dc:title""]}, ""changed"": {""callback"": ""date_iso8601"", ""datatype"": ""xsd:dateTime"", ""predicates"": [""dc:modified""]}, ""created"": {""callback"": ""date_iso8601"", ""datatype"": ""xsd:dateTime"", ""predicates"": [""dc:date"", ""dc:created""]}, ""rdftype"": [""sioc:Item"", ""foaf:Document""], ""comment_count"": {""datatype"": ""xsd:integer"", ""predicates"": [""sioc:num_replies""]}, ""last_activity"": {""callback"": ""date_iso8601"", ""datatype"": ""xsd:dateTime"", ""predicates"": [""sioc:last_activity_date""]}}, ""field_ah_vol"": {""und"": [{""value"": ""54"", ""format"": null, ""safe_value"": ""54""}]}, ""field_source"": {""und"": [{""target_id"": ""123897""}]}, ""revision_uid"": ""1"", ""field_incipit"": {""und"": [{""value"": ""Gaude mater luminis quam divini numinis"", ""format"": ""plain_text"", ""safe_value"": ""Gaude mater luminis quam divini numinis""}]}, ""field_rubrics"": {""und"": [{""value"": ""alia"", ""format"": ""plain_text"", ""safe_value"": ""alia""}]}, ""field_mc_genre"": {""und"": [{""tid"": ""158""}]}, ""field_cantus_id"": {""und"": [{""value"": ""ah54225"", ""format"": null, ""safe_value"": ""ah54225""}]}, ""field_siglum_chant"": {""und"": [{""value"": ""A-Lol 286"", ""format"": ""plain_text"", ""safe_value"": ""A-Lol 286""}]}, ""revision_timestamp"": ""1485960025"", ""field_sequence_text"": {""und"": [{""value"": ""59"", ""format"": ""plain_text"", ""safe_value"": ""59""}]}, ""field_indexing_notes"": [], ""field_analecta_hymnica"": {""und"": [{""value"": ""54:225"", ""format"": ""plain_text"", ""safe_value"": ""54:225""}]}, ""field_image_link_chant"": []}",,,,,,,,,,,,,,,,,,,,,,,,158,,123897,,,,1,,,,,,,,
624976,2023-06-09 15:27:49.731682+00,2023-07-20 16:24:52.90739+00,1,Gaude mater luminis,Gaude mater luminis,A-Lol 466,153r,42+,[none],54:225,added on a folio containing antiphons and alleluia for bMv,12a/dn,ddm,,,54,ah54225,,"{""log"": ""Created by FeedsNodeProcessor"", ""nid"": ""624976"", ""uid"": ""1"", ""vid"": ""624976"", ""data"": ""a:1:{s:7:\""contact\"";i:0;}"", ""name"": ""admin"", ""tnid"": ""0"", ""type"": ""sequence"", ""title"": ""Gaude mater luminis"", ""status"": ""1"", ""sticky"": ""0"", ""changed"": ""1485960025"", ""comment"": ""0"", ""created"": ""1432593213"", ""picture"": ""0"", ""promote"": ""0"", ""language"": ""und"", ""ds_switch"": """", ""translate"": ""0"", ""field_col1"": {""und"": [{""value"": ""ddm"", ""format"": ""plain_text"", ""safe_value"": ""ddm""}]}, ""field_col2"": [], ""field_col3"": [], ""field_date"": {""und"": [{""value"": ""12a/dn"", ""format"": ""plain_text"", ""safe_value"": ""12a/dn""}]}, ""field_folio"": {""und"": [{""value"": ""153r"", ""format"": ""plain_text"", ""safe_value"": ""153r""}]}, ""rdf_mapping"": {""uid"": {""type"": ""rel"", ""predicates"": [""sioc:has_creator""]}, ""body"": {""predicates"": [""content:encoded""]}, ""name"": {""predicates"": [""foaf:name""]}, ""title"": {""predicates"": [""dc:title""]}, ""changed"": {""callback"": ""date_iso8601"", ""datatype"": ""xsd:dateTime"", ""predicates"": [""dc:modified""]}, ""created"": {""callback"": ""date_iso8601"", ""datatype"": ""xsd:dateTime"", ""predicates"": [""dc:date"", ""dc:created""]}, ""rdftype"": [""sioc:Item"", ""foaf:Document""], ""comment_count"": {""datatype"": ""xsd:integer"", ""predicates"": [""sioc:num_replies""]}, ""last_activity"": {""callback"": ""date_iso8601"", ""datatype"": ""xsd:dateTime"", ""predicates"": [""sioc:last_activity_date""]}}, ""field_ah_vol"": {""und"": [{""value"": ""54"", ""format"": null, ""safe_value"": ""54""}]}, ""field_source"": {""und"": [{""target_id"": ""123858""}]}, ""revision_uid"": ""1"", ""field_incipit"": {""und"": [{""value"": ""Gaude mater luminis"", ""format"": ""plain_text"", ""safe_value"": ""Gaude mater luminis""}]}, ""field_rubrics"": {""und"": [{""value"": ""[none]"", ""format"": ""plain_text"", ""safe_value"": ""[none]""}]}, ""field_mc_genre"": {""und"": [{""tid"": ""158""}]}, ""field_cantus_id"": {""und"": [{""value"": ""ah54225"", ""format"": null, ""safe_value"": ""ah54225""}]}, ""field_siglum_chant"": {""und"": [{""value"": ""A-Lol 466"", ""format"": ""plain_text"", ""safe_value"": ""A-Lol 466""}]}, ""revision_timestamp"": ""1485960025"", ""field_sequence_text"": {""und"": [{""value"": ""42+"", ""format"": ""plain_text"", ""safe_value"": ""42+""}]}, ""field_indexing_notes"": {""und"": [{""value"": ""added on a folio containing antiphons and alleluia for bMv"", ""format"": ""plain_text"", ""safe_value"": ""added on a folio containing antiphons and alleluia for bMv""}]}, ""field_analecta_hymnica"": {""und"": [{""value"": ""54:225"", ""format"": ""plain_text"", ""safe_value"": ""54:225""}]}, ""field_image_link_chant"": []}",,,,,,,,,,,,,,,,,,,,,,,,158,,123858,,,,1,,,,,,,,
631656,2023-06-09 15:44:39.336117+00,2023-07-20 16:39:01.572881+00,1,Gaude mater luminis,Gaude mater luminis,CZ-Pap P VIII,265v,086,Alia,54:225,,14bc/dd,ddm,,,54,ah54225,,"{""log"": ""Created by FeedsNodeProcessor"", ""nid"": ""631656"", ""uid"": ""1"", ""vid"": ""631656"", ""data"": ""a:1:{s:7:\""contact\"";i:0;}"", ""name"": ""admin"", ""tnid"": ""0"", ""type"": ""sequence"", ""title"": ""Gaude mater luminis"", ""status"": ""1"", ""sticky"": ""0"", ""changed"": ""1485960124"", ""comment"": ""0"", ""created"": ""1432593632"", ""picture"": ""0"", ""promote"": ""0"", ""language"": ""und"", ""ds_switch"": """", ""translate"": ""0"", ""field_col1"": {""und"": [{""value"": ""ddm"", ""format"": ""plain_text"", ""safe_value"": ""ddm""}]}, ""field_col2"": [], ""field_col3"": [], ""field_date"": {""und"": [{""value"": ""14bc/dd"", ""format"": ""plain_text"", ""safe_value"": ""14bc/dd""}]}, ""field_folio"": {""und"": [{""value"": ""265v"", ""format"": ""plain_text"", ""safe_value"": ""265v""}]}, ""rdf_mapping"": {""uid"": {""type"": ""rel"", ""predicates"": [""sioc:has_creator""]}, ""body"": {""predicates"": [""content:encoded""]}, ""name"": {""predicates"": [""foaf:name""]}, ""title"": {""predicates"": [""dc:title""]}, ""changed"": {""callback"": ""date_iso8601"", ""datatype"": ""xsd:dateTime"", ""predicates"": [""dc:modified""]}, ""created"": {""callback"": ""date_iso8601"", ""datatype"": ""xsd:dateTime"", ""predicates"": [""dc:date"", ""dc:created""]}, ""rdftype"": [""sioc:Item"", ""foaf:Document""], ""comment_count"": {""datatype"": ""xsd:integer"", ""predicates"": [""sioc:num_replies""]}, ""last_activity"": {""callback"": ""date_iso8601"", ""datatype"": ""xsd:dateTime"", ""predicates"": [""sioc:last_activity_date""]}}, ""field_ah_vol"": {""und"": [{""value"": ""54"", ""format"": null, ""safe_value"": ""54""}]}, ""field_source"": {""und"": [{""target_id"": ""123975""}]}, ""revision_uid"": ""1"", ""field_incipit"": {""und"": [{""value"": ""Gaude mater luminis"", ""format"": ""plain_text"", ""safe_value"": ""Gaude mater luminis""}]}, ""field_rubrics"": {""und"": [{""value"": ""Alia"", ""format"": ""plain_text"", ""safe_value"": ""Alia""}]}, ""field_mc_genre"": {""und"": [{""tid"": ""158""}]}, ""field_cantus_id"": {""und"": [{""value"": ""ah54225"", ""format"": null, ""safe_value"": ""ah54225""}]}, ""field_siglum_chant"": {""und"": [{""value"": ""CZ-Pap P VIII"", ""format"": ""plain_text"", ""safe_value"": ""CZ-Pap P VIII""}]}, ""revision_timestamp"": ""1485960124"", ""field_sequence_text"": {""und"": [{""value"": ""086"", ""format"": ""plain_text"", ""safe_value"": ""086""}]}, ""field_indexing_notes"": [], ""field_analecta_hymnica"": {""und"": [{""value"": ""54:225"", ""format"": ""plain_text"", ""safe_value"": ""54:225""}]}, ""field_image_link_chant"": []}",,,,,,,,,,,,,,,,,,,,,,,,158,,123975,,,,1,,,,,,,,
630820,2023-06-09 15:42:54.305745+00,2023-07-20 16:37:23.304957+00,1,Gaude mater luminis quam divini numinis,Gaude mater luminis quam divini numinis,D-KA P14a,87v,50,De sancta Maria,54:225,,14a/d-sn,,,,54,ah54225,,"{""log"": ""Created by FeedsNodeProcessor"", ""nid"": ""630820"", ""uid"": ""1"", ""vid"": ""630820"", ""data"": ""a:1:{s:7:\""contact\"";i:0;}"", ""name"": ""admin"", ""tnid"": ""0"", ""type"": ""sequence"", ""title"": ""Gaude mater luminis quam divini numinis"", ""status"": ""1"", ""sticky"": ""0"", ""changed"": ""1485960173"", ""comment"": ""0"", ""created"": ""1432593617"", ""picture"": ""0"", ""promote"": ""0"", ""language"": ""und"", ""ds_switch"": """", ""translate"": ""0"", ""field_col1"": [], ""field_col2"": [], ""field_col3"": [], ""field_date"": {""und"": [{""value"": ""14a/d-sn"", ""format"": ""plain_text"", ""safe_value"": ""14a/d-sn""}]}, ""field_folio"": {""und"": [{""value"": ""87v"", ""format"": ""plain_text"", ""safe_value"": ""87v""}]}, ""rdf_mapping"": {""uid"": {""type"": ""rel"", ""predicates"": [""sioc:has_creator""]}, ""body"": {""predicates"": [""content:encoded""]}, ""name"": {""predicates"": [""foaf:name""]}, ""title"": {""predicates"": [""dc:title""]}, ""changed"": {""callback"": ""date_iso8601"", ""datatype"": ""xsd:dateTime"", ""predicates"": [""dc:modified""]}, ""created"": {""callback"": ""date_iso8601"", ""datatype"": ""xsd:dateTime"", ""predicates"": [""dc:date"", ""dc:created""]}, ""rdftype"": [""sioc:Item"", ""foaf:Document""], ""comment_count"": {""datatype"": ""xsd:integer"", ""predicates"": [""sioc:num_replies""]}, ""last_activity"": {""callback"": ""date_iso8601"", ""datatype"": ""xsd:dateTime"", ""predicates"": [""sioc:last_activity_date""]}}, ""field_ah_vol"": {""und"": [{""value"": ""54"", ""format"": null, ""safe_value"": ""54""}]}, ""field_source"": {""und"": [{""target_id"": ""123991""}]}, ""revision_uid"": ""1"", ""field_incipit"": {""und"": [{""value"": ""Gaude mater luminis quam divini numinis"", ""format"": ""plain_text"", ""safe_value"": ""Gaude mater luminis quam divini numinis""}]}, ""field_rubrics"": {""und"": [{""value"": ""De sancta Maria"", ""format"": ""plain_text"", ""safe_value"": ""De sancta Maria""}]}, ""field_mc_genre"": {""und"": [{""tid"": ""158""}]}, ""field_cantus_id"": {""und"": [{""value"": ""ah54225"", ""format"": null, ""safe_value"": ""ah54225""}]}, ""field_siglum_chant"": {""und"": [{""value"": ""D-KA P14a"", ""format"": ""plain_text"", ""safe_value"": ""D-KA P14a""}]}, ""revision_timestamp"": ""1485960173"", ""field_sequence_text"": {""und"": [{""value"": ""50"", ""format"": ""plain_text"", ""safe_value"": ""50""}]}, ""field_indexing_notes"": [], ""field_analecta_hymnica"": {""und"": [{""value"": ""54:225"", ""format"": ""plain_text"", ""safe_value"": ""54:225""}]}, ""field_image_link_chant"": []}",,,,,,,,,,,,,,,,,,,,,,,,158,,123991,,,,1,,,,,,,,
633236,2023-06-09 15:48:06.883978+00,2023-07-20 16:42:03.95295+00,1,Gaude mater luminis quam divini numinis,Gaude mater luminis quam divini numinis,D-KA P15,216r,61,De sancta maria. Sequencia,54:225,,15a/dd,,,,54,ah54225,,"{""log"": ""Created by FeedsNodeProcessor"", ""nid"": ""633236"", ""uid"": ""1"", ""vid"": ""633236"", ""data"": ""a:1:{s:7:\""contact\"";i:0;}"", ""name"": ""admin"", ""tnid"": ""0"", ""type"": ""sequence"", ""title"": ""Gaude mater luminis quam divini numinis"", ""status"": ""1"", ""sticky"": ""0"", ""changed"": ""1485960177"", ""comment"": ""0"", ""created"": ""1432593659"", ""picture"": ""0"", ""promote"": ""0"", ""language"": ""und"", ""ds_switch"": """", ""translate"": ""0"", ""field_col1"": [], ""field_col2"": [], ""field_col3"": [], ""field_date"": {""und"": [{""value"": ""15a/dd"", ""format"": ""plain_text"", ""safe_value"": ""15a/dd""}]}, ""field_folio"": {""und"": [{""value"": ""216r"", ""format"": ""plain_text"", ""safe_value"": ""216r""}]}, ""rdf_mapping"": {""uid"": {""type"": ""rel"", ""predicates"": [""sioc:has_creator""]}, ""body"": {""predicates"": [""content:encoded""]}, ""name"": {""predicates"": [""foaf:name""]}, ""title"": {""predicates"": [""dc:title""]}, ""changed"": {""callback"": ""date_iso8601"", ""datatype"": ""xsd:dateTime"", ""predicates"": [""dc:modified""]}, ""created"": {""callback"": ""date_iso8601"", ""datatype"": ""xsd:dateTime"", ""predicates"": [""dc:date"", ""dc:created""]}, ""rdftype"": [""sioc:Item"", ""foaf:Document""], ""comment_count"": {""datatype"": ""xsd:integer"", ""predicates"": [""sioc:num_replies""]}, ""last_activity"": {""callback"": ""date_iso8601"", ""datatype"": ""xsd:dateTime"", ""predicates"": [""sioc:last_activity_date""]}}, ""field_ah_vol"": {""und"": [{""value"": ""54"", ""format"": null, ""safe_value"": ""54""}]}, ""field_source"": {""und"": [{""target_id"": ""124026""}]}, ""revision_uid"": ""1"", ""field_incipit"": {""und"": [{""value"": ""Gaude mater luminis quam divini numinis"", ""format"": ""plain_text"", ""safe_value"": ""Gaude mater luminis quam divini numinis""}]}, ""field_rubrics"": {""und"": [{""value"": ""De sancta maria. Sequencia"", ""format"": ""plain_text"", ""safe_value"": ""De sancta maria. Sequencia""}]}, ""field_mc_genre"": {""und"": [{""tid"": ""158""}]}, ""field_cantus_id"": {""und"": [{""value"": ""ah54225"", ""format"": null, ""safe_value"": ""ah54225""}]}, ""field_siglum_chant"": {""und"": [{""value"": ""D-KA P15"", ""format"": ""plain_text"", ""safe_value"": ""D-KA P15""}]}, ""revision_timestamp"": ""1485960177"", ""field_sequence_text"": {""und"": [{""value"": ""61"", ""format"": ""plain_text"", ""safe_value"": ""61""}]}, ""field_indexing_notes"": [], ""field_analecta_hymnica"": {""und"": [{""value"": ""54:225"", ""format"": ""plain_text"", ""safe_value"": ""54:225""}]}, ""field_image_link_chant"": []}",,,,,,,,,,,,,,,,,,,,,,,,158,,124026,,,,1,,,,,,,,
632180,2023-06-09 15:45:43.028793+00,2023-07-20 16:40:02.041586+00,1,Gaude mater luminis quam divini numinis,Gaude mater luminis quam divini numinis,D-KA P16,202v,55,Item de beata virgine,54:225,,14pm/dd,,,,54,ah54225,,"{""log"": ""Created by FeedsNodeProcessor"", ""nid"": ""632180"", ""uid"": ""1"", ""vid"": ""632180"", ""data"": ""a:1:{s:7:\""contact\"";i:0;}"", ""name"": ""admin"", ""tnid"": ""0"", ""type"": ""sequence"", ""title"": ""Gaude mater luminis quam divini numinis"", ""status"": ""1"", ""sticky"": ""0"", ""changed"": ""1485960180"", ""comment"": ""0"", ""created"": ""1432593643"", ""picture"": ""0"", ""promote"": ""0"", ""language"": ""und"", ""ds_switch"": """", ""translate"": ""0"", ""field_col1"": [], ""field_col2"": [], ""field_col3"": [], ""field_date"": {""und"": [{""value"": ""14pm/dd"", ""format"": ""plain_text"", ""safe_value"": ""14pm/dd""}]}, ""field_folio"": {""und"": [{""value"": ""202v"", ""format"": ""plain_text"", ""safe_value"": ""202v""}]}, ""rdf_mapping"": {""uid"": {""type"": ""rel"", ""predicates"": [""sioc:has_creator""]}, ""body"": {""predicates"": [""content:encoded""]}, ""name"": {""predicates"": [""foaf:name""]}, ""title"": {""predicates"": [""dc:title""]}, ""changed"": {""callback"": ""date_iso8601"", ""datatype"": ""xsd:dateTime"", ""predicates"": [""dc:modified""]}, ""created"": {""callback"": ""date_iso8601"", ""datatype"": ""xsd:dateTime"", ""predicates"": [""dc:date"", ""dc:created""]}, ""rdftype"": [""sioc:Item"", ""foaf:Document""], ""comment_count"": {""datatype"": ""xsd:integer"", ""predicates"": [""sioc:num_replies""]}, ""last_activity"": {""callback"": ""date_iso8601"", ""datatype"": ""xsd:dateTime"", ""predicates"": [""sioc:last_activity_date""]}}, ""field_ah_vol"": {""und"": [{""value"": ""54"", ""format"": null, ""safe_value"": ""54""}]}, ""field_source"": {""und"": [{""target_id"": ""124006""}]}, ""revision_uid"": ""1"", ""field_incipit"": {""und"": [{""value"": ""Gaude mater luminis quam divini numinis"", ""format"": ""plain_text"", ""safe_value"": ""Gaude mater luminis quam divini numinis""}]}, ""field_rubrics"": {""und"": [{""value"": ""Item de beata virgine"", ""format"": ""plain_text"", ""safe_value"": ""Item de beata virgine""}]}, ""field_mc_genre"": {""und"": [{""tid"": ""158""}]}, ""field_cantus_id"": {""und"": [{""value"": ""ah54225"", ""format"": null, ""safe_value"": ""ah54225""}]}, ""field_siglum_chant"": {""und"": [{""value"": ""D-KA P16"", ""format"": ""plain_text"", ""safe_value"": ""D-KA P16""}]}, ""revision_timestamp"": ""1485960180"", ""field_sequence_text"": {""und"": [{""value"": ""55"", ""format"": ""plain_text"", ""safe_value"": ""55""}]}, ""field_indexing_notes"": [], ""field_analecta_hymnica"": {""und"": [{""value"": ""54:225"", ""format"": ""plain_text"", ""safe_value"": ""54:225""}]}, ""field_image_link_chant"": []}",,,,,,,,,,,,,,,,,,,,,,,,158,,124006,,,,1,,,,,,,,
631212,2023-06-09 15:43:39.93334+00,2023-07-20 16:38:07.652732+00,1,Gaude mater luminis,Gaude mater luminis,D-KA P44,185r,58,De sancta maria,54:225,,14am/dd,,,,54,ah54225,,"{""log"": ""Created by FeedsNodeProcessor"", ""nid"": ""631212"", ""uid"": ""1"", ""vid"": ""631212"", ""data"": ""a:1:{s:7:\""contact\"";i:0;}"", ""name"": ""admin"", ""tnid"": ""0"", ""type"": ""sequence"", ""title"": ""Gaude mater luminis"", ""status"": ""1"", ""sticky"": ""0"", ""changed"": ""1485960185"", ""comment"": ""0"", ""created"": ""1432593624"", ""picture"": ""0"", ""promote"": ""0"", ""language"": ""und"", ""ds_switch"": """", ""translate"": ""0"", ""field_col1"": [], ""field_col2"": [], ""field_col3"": [], ""field_date"": {""und"": [{""value"": ""14am/dd"", ""format"": ""plain_text"", ""safe_value"": ""14am/dd""}]}, ""field_folio"": {""und"": [{""value"": ""185r"", ""format"": ""plain_text"", ""safe_value"": ""185r""}]}, ""rdf_mapping"": {""uid"": {""type"": ""rel"", ""predicates"": [""sioc:has_creator""]}, ""body"": {""predicates"": [""content:encoded""]}, ""name"": {""predicates"": [""foaf:name""]}, ""title"": {""predicates"": [""dc:title""]}, ""changed"": {""callback"": ""date_iso8601"", ""datatype"": ""xsd:dateTime"", ""predicates"": [""dc:modified""]}, ""created"": {""callback"": ""date_iso8601"", ""datatype"": ""xsd:dateTime"", ""predicates"": [""dc:date"", ""dc:created""]}, ""rdftype"": [""sioc:Item"", ""foaf:Document""], ""comment_count"": {""datatype"": ""xsd:integer"", ""predicates"": [""sioc:num_replies""]}, ""last_activity"": {""callback"": ""date_iso8601"", ""datatype"": ""xsd:dateTime"", ""predicates"": [""sioc:last_activity_date""]}}, ""field_ah_vol"": {""und"": [{""value"": ""54"", ""format"": null, ""safe_value"": ""54""}]}, ""field_source"": {""und"": [{""target_id"": ""124003""}]}, ""revision_uid"": ""1"", ""field_incipit"": {""und"": [{""value"": ""Gaude mater luminis"", ""format"": ""plain_text"", ""safe_value"": ""Gaude mater luminis""}]}, ""field_rubrics"": {""und"": [{""value"": ""De sancta maria"", ""format"": ""plain_text"", ""safe_value"": ""De sancta maria""}]}, ""field_mc_genre"": {""und"": [{""tid"": ""158""}]}, ""field_cantus_id"": {""und"": [{""value"": ""ah54225"", ""format"": null, ""safe_value"": ""ah54225""}]}, ""field_siglum_chant"": {""und"": [{""value"": ""D-KA P44"", ""format"": ""plain_text"", ""safe_value"": ""D-KA P44""}]}, ""revision_timestamp"": ""1485960185"", ""field_sequence_text"": {""und"": [{""value"": ""58"", ""format"": ""plain_text"", ""safe_value"": ""58""}]}, ""field_indexing_notes"": [], ""field_analecta_hymnica"": {""und"": [{""value"": ""54:225"", ""format"": ""plain_text"", ""safe_value"": ""54:225""}]}, ""field_image_link_chant"": []}",,,,,,,,,,,,,,,,,,,,,,,,158,,124003,,,,1,,,,,,,,
630382,2023-06-09 15:42:04.158998+00,2023-07-20 16:36:33.416054+00,1,Gaude mater luminis,Gaude mater luminis,D-Kl  5,214r,48+,[none],54:225,,13pm/dd,,,,54,ah54225,,"{""log"": ""Created by FeedsNodeProcessor"", ""nid"": ""630382"", ""uid"": ""1"", ""vid"": ""630382"", ""data"": ""a:1:{s:7:\""contact\"";i:0;}"", ""name"": ""admin"", ""tnid"": ""0"", ""type"": ""sequence"", ""title"": ""Gaude mater luminis"", ""status"": ""1"", ""sticky"": ""0"", ""changed"": ""1485960188"", ""comment"": ""0"", ""created"": ""1432593607"", ""picture"": ""0"", ""promote"": ""0"", ""language"": ""und"", ""ds_switch"": """", ""translate"": ""0"", ""field_col1"": [], ""field_col2"": [], ""field_col3"": [], ""field_date"": {""und"": [{""value"": ""13pm/dd"", ""format"": ""plain_text"", ""safe_value"": ""13pm/dd""}]}, ""field_folio"": {""und"": [{""value"": ""214r"", ""format"": ""plain_text"", ""safe_value"": ""214r""}]}, ""rdf_mapping"": {""uid"": {""type"": ""rel"", ""predicates"": [""sioc:has_creator""]}, ""body"": {""predicates"": [""content:encoded""]}, ""name"": {""predicates"": [""foaf:name""]}, ""title"": {""predicates"": [""dc:title""]}, ""changed"": {""callback"": ""date_iso8601"", ""datatype"": ""xsd:dateTime"", ""predicates"": [""dc:modified""]}, ""created"": {""callback"": ""date_iso8601"", ""datatype"": ""xsd:dateTime"", ""predicates"": [""dc:date"", ""dc:created""]}, ""rdftype"": [""sioc:Item"", ""foaf:Document""], ""comment_count"": {""datatype"": ""xsd:integer"", ""predicates"": [""sioc:num_replies""]}, ""last_activity"": {""callback"": ""date_iso8601"", ""datatype"": ""xsd:dateTime"", ""predicates"": [""sioc:last_activity_date""]}}, ""field_ah_vol"": {""und"": [{""value"": ""54"", ""format"": null, ""safe_value"": ""54""}]}, ""field_source"": {""und"": [{""target_id"": ""123972""}]}, ""revision_uid"": ""1"", ""field_incipit"": {""und"": [{""value"": ""Gaude mater luminis"", ""format"": ""plain_text"", ""safe_value"": ""Gaude mater luminis""}]}, ""field_rubrics"": {""und"": [{""value"": ""[none]"", ""format"": ""plain_text"", ""safe_value"": ""[none]""}]}, ""field_mc_genre"": {""und"": [{""tid"": ""158""}]}, ""field_cantus_id"": {""und"": [{""value"": ""ah54225"", ""format"": null, ""safe_value"": ""ah54225""}]}, ""field_siglum_chant"": {""und"": [{""value"": ""D-Kl  5"", ""format"": ""plain_text"", ""safe_value"": ""D-Kl  5""}]}, ""revision_timestamp"": ""1485960188"", ""field_sequence_text"": {""und"": [{""value"": ""48+"", ""format"": ""plain_text"", ""safe_value"": ""48+""}]}, ""field_indexing_notes"": [], ""field_analecta_hymnica"": {""und"": [{""value"": ""54:225"", ""format"": ""plain_text"", ""safe_value"": ""54:225""}]}, ""field_image_link_chant"": []}",,,,,,,,,,,,,,,,,,,,,,,,158,,123972,,,,1,,,,,,,,
629975,2023-06-09 15:41:13.047612+00,2023-07-20 16:35:31.91714+00,1,Gaude mater luminis quam divini numinis,Gaude mater luminis quam divini numinis,D-LEu 391,xxii/3r,75,[none],54:225,,13d/dd,,,,54,ah54225,,"{""log"": ""Created by FeedsNodeProcessor"", ""nid"": ""629975"", ""uid"": ""1"", ""vid"": ""629975"", ""data"": ""a:1:{s:7:\""contact\"";i:0;}"", ""name"": ""admin"", ""tnid"": ""0"", ""type"": ""sequence"", ""title"": ""Gaude mater luminis quam divini numinis"", ""status"": ""1"", ""sticky"": ""0"", ""changed"": ""1485960196"", ""comment"": ""0"", ""created"": ""1432593601"", ""picture"": ""0"", ""promote"": ""0"", ""language"": ""und"", ""ds_switch"": """", ""translate"": ""0"", ""field_col1"": [], ""field_col2"": [], ""field_col3"": [], ""field_date"": {""und"": [{""value"": ""13d/dd"", ""format"": ""plain_text"", ""safe_value"": ""13d/dd""}]}, ""field_folio"": {""und"": [{""value"": ""xxii/3r"", ""format"": ""plain_text"", ""safe_value"": ""xxii/3r""}]}, ""rdf_mapping"": {""uid"": {""type"": ""rel"", ""predicates"": [""sioc:has_creator""]}, ""body"": {""predicates"": [""content:encoded""]}, ""name"": {""predicates"": [""foaf:name""]}, ""title"": {""predicates"": [""dc:title""]}, ""changed"": {""callback"": ""date_iso8601"", ""datatype"": ""xsd:dateTime"", ""predicates"": [""dc:modified""]}, ""created"": {""callback"": ""date_iso8601"", ""datatype"": ""xsd:dateTime"", ""predicates"": [""dc:date"", ""dc:created""]}, ""rdftype"": [""sioc:Item"", ""foaf:Document""], ""comment_count"": {""datatype"": ""xsd:integer"", ""predicates"": [""sioc:num_replies""]}, ""last_activity"": {""callback"": ""date_iso8601"", ""datatype"": ""xsd:dateTime"", ""predicates"": [""sioc:last_activity_date""]}}, ""field_ah_vol"": {""und"": [{""value"": ""54"", ""format"": null, ""safe_value"": ""54""}]}, ""field_source"": {""und"": [{""target_id"": ""123959""}]}, ""revision_uid"": ""1"", ""field_incipit"": {""und"": [{""value"": ""Gaude mater luminis quam divini numinis"", ""format"": ""plain_text"", ""safe_value"": ""Gaude mater luminis quam divini numinis""}]}, ""field_rubrics"": {""und"": [{""value"": ""[none]"", ""format"": ""plain_text"", ""safe_value"": ""[none]""}]}, ""field_mc_genre"": {""und"": [{""tid"": ""158""}]}, ""field_cantus_id"": {""und"": [{""value"": ""ah54225"", ""format"": null, ""safe_value"": ""ah54225""}]}, ""field_siglum_chant"": {""und"": [{""value"": ""D-LEu 391"", ""format"": ""plain_text"", ""safe_value"": ""D-LEu 391""}]}, ""revision_timestamp"": ""1485960196"", ""field_sequence_text"": {""und"": [{""value"": ""75"", ""format"": ""plain_text"", ""safe_value"": ""75""}]}, ""field_indexing_notes"": [], ""field_analecta_hymnica"": {""und"": [{""value"": ""54:225"", ""format"": ""plain_text"", ""safe_value"": ""54:225""}]}, ""field_image_link_chant"": []}",,,,,,,,,,,,,,,,,,,,,,,,158,,123959,,,,1,,,,,,,,
628326,2023-06-09 15:37:31.669574+00,2023-07-20 16:31:11.095937+00,1,Gaude mater luminis ,Gaude mater luminis ,D-Mbs 10075,250v,48,Alia,54:225,,13a/dd,,,,54,ah54225,,"{""log"": ""Created by FeedsNodeProcessor"", ""nid"": ""628326"", ""uid"": ""1"", ""vid"": ""628326"", ""data"": ""a:1:{s:7:\""contact\"";i:0;}"", ""name"": ""admin"", ""tnid"": ""0"", ""type"": ""sequence"", ""title"": ""Gaude mater luminis "", ""status"": ""1"", ""sticky"": ""0"", ""changed"": ""1485960199"", ""comment"": ""0"", ""created"": ""1432593281"", ""picture"": ""0"", ""promote"": ""0"", ""language"": ""und"", ""ds_switch"": """", ""translate"": ""0"", ""field_col1"": [], ""field_col2"": [], ""field_col3"": [], ""field_date"": {""und"": [{""value"": ""13a/dd"", ""format"": ""plain_text"", ""safe_value"": ""13a/dd""}]}, ""field_folio"": {""und"": [{""value"": ""250v"", ""format"": ""plain_text"", ""safe_value"": ""250v""}]}, ""rdf_mapping"": {""uid"": {""type"": ""rel"", ""predicates"": [""sioc:has_creator""]}, ""body"": {""predicates"": [""content:encoded""]}, ""name"": {""predicates"": [""foaf:name""]}, ""title"": {""predicates"": [""dc:title""]}, ""changed"": {""callback"": ""date_iso8601"", ""datatype"": ""xsd:dateTime"", ""predicates"": [""dc:modified""]}, ""created"": {""callback"": ""date_iso8601"", ""datatype"": ""xsd:dateTime"", ""predicates"": [""dc:date"", ""dc:created""]}, ""rdftype"": [""sioc:Item"", ""foaf:Document""], ""comment_count"": {""datatype"": ""xsd:integer"", ""predicates"": [""sioc:num_replies""]}, ""last_activity"": {""callback"": ""date_iso8601"", ""datatype"": ""xsd:dateTime"", ""predicates"": [""sioc:last_activity_date""]}}, ""field_ah_vol"": {""und"": [{""value"": ""54"", ""format"": null, ""safe_value"": ""54""}]}, ""field_source"": {""und"": [{""target_id"": ""123937""}]}, ""revision_uid"": ""1"", ""field_incipit"": {""und"": [{""value"": ""Gaude mater luminis "", ""format"": ""plain_text"", ""safe_value"": ""Gaude mater luminis ""}]}, ""field_rubrics"": {""und"": [{""value"": ""Alia"", ""format"": ""plain_text"", ""safe_value"": ""Alia""}]}, ""field_mc_genre"": {""und"": [{""tid"": ""158""}]}, ""field_cantus_id"": {""und"": [{""value"": ""ah54225"", ""format"": null, ""safe_value"": ""ah54225""}]}, ""field_siglum_chant"": {""und"": [{""value"": ""D-Mbs 10075"", ""format"": ""plain_text"", ""safe_value"": ""D-Mbs 10075""}]}, ""revision_timestamp"": ""1485960199"", ""field_sequence_text"": {""und"": [{""value"": ""48"", ""format"": ""plain_text"", ""safe_value"": ""48""}]}, ""field_indexing_notes"": [], ""field_analecta_hymnica"": {""und"": [{""value"": ""54:225"", ""format"": ""plain_text"", ""safe_value"": ""54:225""}]}, ""field_image_link_chant"": []}",,,,,,,,,,,,,,,,,,,,,,,,158,,123937,,,,1,,,,,,,,
630879,2023-06-09 15:43:00.955886+00,2023-07-20 16:37:29.945076+00,1,Gaude mater luminis,Gaude mater luminis,D-Mbs 15730,69v,52,Item alia,54:225,,14a/d-sn,,ddm,,54,ah54225,,"{""log"": ""Created by FeedsNodeProcessor"", ""nid"": ""630879"", ""uid"": ""1"", ""vid"": ""630879"", ""data"": ""a:1:{s:7:\""contact\"";i:0;}"", ""name"": ""admin"", ""tnid"": ""0"", ""type"": ""sequence"", ""title"": ""Gaude mater luminis"", ""status"": ""1"", ""sticky"": ""0"", ""changed"": ""1485960218"", ""comment"": ""0"", ""created"": ""1432593617"", ""picture"": ""0"", ""promote"": ""0"", ""language"": ""und"", ""ds_switch"": """", ""translate"": ""0"", ""field_col1"": [], ""field_col2"": {""und"": [{""value"": ""ddm"", ""format"": ""plain_text"", ""safe_value"": ""ddm""}]}, ""field_col3"": [], ""field_date"": {""und"": [{""value"": ""14a/d-sn"", ""format"": ""plain_text"", ""safe_value"": ""14a/d-sn""}]}, ""field_folio"": {""und"": [{""value"": ""69v"", ""format"": ""plain_text"", ""safe_value"": ""69v""}]}, ""rdf_mapping"": {""uid"": {""type"": ""rel"", ""predicates"": [""sioc:has_creator""]}, ""body"": {""predicates"": [""content:encoded""]}, ""name"": {""predicates"": [""foaf:name""]}, ""title"": {""predicates"": [""dc:title""]}, ""changed"": {""callback"": ""date_iso8601"", ""datatype"": ""xsd:dateTime"", ""predicates"": [""dc:modified""]}, ""created"": {""callback"": ""date_iso8601"", ""datatype"": ""xsd:dateTime"", ""predicates"": [""dc:date"", ""dc:created""]}, ""rdftype"": [""sioc:Item"", ""foaf:Document""], ""comment_count"": {""datatype"": ""xsd:integer"", ""predicates"": [""sioc:num_replies""]}, ""last_activity"": {""callback"": ""date_iso8601"", ""datatype"": ""xsd:dateTime"", ""predicates"": [""sioc:last_activity_date""]}}, ""field_ah_vol"": {""und"": [{""value"": ""54"", ""format"": null, ""safe_value"": ""54""}]}, ""field_source"": {""und"": [{""target_id"": ""123992""}]}, ""revision_uid"": ""1"", ""field_incipit"": {""und"": [{""value"": ""Gaude mater luminis"", ""format"": ""plain_text"", ""safe_value"": ""Gaude mater luminis""}]}, ""field_rubrics"": {""und"": [{""value"": ""Item alia"", ""format"": ""plain_text"", ""safe_value"": ""Item alia""}]}, ""field_mc_genre"": {""und"": [{""tid"": ""158""}]}, ""field_cantus_id"": {""und"": [{""value"": ""ah54225"", ""format"": null, ""safe_value"": ""ah54225""}]}, ""field_siglum_chant"": {""und"": [{""value"": ""D-Mbs 15730"", ""format"": ""plain_text"", ""safe_value"": ""D-Mbs 15730""}]}, ""revision_timestamp"": ""1485960218"", ""field_sequence_text"": {""und"": [{""value"": ""52"", ""format"": ""plain_text"", ""safe_value"": ""52""}]}, ""field_indexing_notes"": [], ""field_analecta_hymnica"": {""und"": [{""value"": ""54:225"", ""format"": ""plain_text"", ""safe_value"": ""54:225""}]}, ""field_image_link_chant"": []}",,,,,,,,,,,,,,,,,,,,,,,,158,,123992,,,,1,,,,,,,,
635183,2023-06-09 15:52:03.427739+00,2023-07-20 16:45:56.478529+00,1,Gaude mater luminis quam divini numinis,Gaude mater luminis quam divini numinis,D-Mbs 19267,256v,45,Item alia,54:225,,15d/dd,,,,54,ah54225,,"{""log"": ""Created by FeedsNodeProcessor"", ""nid"": ""635183"", ""uid"": ""1"", ""vid"": ""635183"", ""data"": ""a:1:{s:7:\""contact\"";i:0;}"", ""name"": ""admin"", ""tnid"": ""0"", ""type"": ""sequence"", ""title"": ""Gaude mater luminis quam divini numinis"", ""status"": ""1"", ""sticky"": ""0"", ""changed"": ""1485960230"", ""comment"": ""0"", ""created"": ""1432593696"", ""picture"": ""0"", ""promote"": ""0"", ""language"": ""und"", ""ds_switch"": """", ""translate"": ""0"", ""field_col1"": [], ""field_col2"": [], ""field_col3"": [], ""field_date"": {""und"": [{""value"": ""15d/dd"", ""format"": ""plain_text"", ""safe_value"": ""15d/dd""}]}, ""field_folio"": {""und"": [{""value"": ""256v"", ""format"": ""plain_text"", ""safe_value"": ""256v""}]}, ""rdf_mapping"": {""uid"": {""type"": ""rel"", ""predicates"": [""sioc:has_creator""]}, ""body"": {""predicates"": [""content:encoded""]}, ""name"": {""predicates"": [""foaf:name""]}, ""title"": {""predicates"": [""dc:title""]}, ""changed"": {""callback"": ""date_iso8601"", ""datatype"": ""xsd:dateTime"", ""predicates"": [""dc:modified""]}, ""created"": {""callback"": ""date_iso8601"", ""datatype"": ""xsd:dateTime"", ""predicates"": [""dc:date"", ""dc:created""]}, ""rdftype"": [""sioc:Item"", ""foaf:Document""], ""comment_count"": {""datatype"": ""xsd:integer"", ""predicates"": [""sioc:num_replies""]}, ""last_activity"": {""callback"": ""date_iso8601"", ""datatype"": ""xsd:dateTime"", ""predicates"": [""sioc:last_activity_date""]}}, ""field_ah_vol"": {""und"": [{""value"": ""54"", ""format"": null, ""safe_value"": ""54""}]}, ""field_source"": {""und"": [{""target_id"": ""124057""}]}, ""revision_uid"": ""1"", ""field_incipit"": {""und"": [{""value"": ""Gaude mater luminis quam divini numinis"", ""format"": ""plain_text"", ""safe_value"": ""Gaude mater luminis quam divini numinis""}]}, ""field_rubrics"": {""und"": [{""value"": ""Item alia"", ""format"": ""plain_text"", ""safe_value"": ""Item alia""}]}, ""field_mc_genre"": {""und"": [{""tid"": ""158""}]}, ""field_cantus_id"": {""und"": [{""value"": ""ah54225"", ""format"": null, ""safe_value"": ""ah54225""}]}, ""field_siglum_chant"": {""und"": [{""value"": ""D-Mbs 19267"", ""format"": ""plain_text"", ""safe_value"": ""D-Mbs 19267""}]}, ""revision_timestamp"": ""1485960230"", ""field_sequence_text"": {""und"": [{""value"": ""45"", ""format"": ""plain_text"", ""safe_value"": ""45""}]}, ""field_indexing_notes"": [], ""field_analecta_hymnica"": {""und"": [{""value"": ""54:225"", ""format"": ""plain_text"", ""safe_value"": ""54:225""}]}, ""field_image_link_chant"": []}",,,,,,,,,,,,,,,,,,,,,,,,158,,124057,,,,1,,,,,,,,
636561,2023-06-09 15:55:11.388512+00,2023-07-20 16:48:32.515886+00,1,Gaude mater luminis quam divini numinis,Gaude mater luminis quam divini numinis,D-Mbs 27020,244v,b18,"[none, see above, b02]",54:225,,16a/dd,,,,54,ah54225,,"{""log"": ""Created by FeedsNodeProcessor"", ""nid"": ""636561"", ""uid"": ""1"", ""vid"": ""636561"", ""data"": ""a:1:{s:7:\""contact\"";i:0;}"", ""name"": ""admin"", ""tnid"": ""0"", ""type"": ""sequence"", ""title"": ""Gaude mater luminis quam divini numinis"", ""status"": ""1"", ""sticky"": ""0"", ""changed"": ""1485960247"", ""comment"": ""0"", ""created"": ""1432593722"", ""picture"": ""0"", ""promote"": ""0"", ""language"": ""und"", ""ds_switch"": """", ""translate"": ""0"", ""field_col1"": [], ""field_col2"": [], ""field_col3"": [], ""field_date"": {""und"": [{""value"": ""16a/dd"", ""format"": ""plain_text"", ""safe_value"": ""16a/dd""}]}, ""field_folio"": {""und"": [{""value"": ""244v"", ""format"": ""plain_text"", ""safe_value"": ""244v""}]}, ""rdf_mapping"": {""uid"": {""type"": ""rel"", ""predicates"": [""sioc:has_creator""]}, ""body"": {""predicates"": [""content:encoded""]}, ""name"": {""predicates"": [""foaf:name""]}, ""title"": {""predicates"": [""dc:title""]}, ""changed"": {""callback"": ""date_iso8601"", ""datatype"": ""xsd:dateTime"", ""predicates"": [""dc:modified""]}, ""created"": {""callback"": ""date_iso8601"", ""datatype"": ""xsd:dateTime"", ""predicates"": [""dc:date"", ""dc:created""]}, ""rdftype"": [""sioc:Item"", ""foaf:Document""], ""comment_count"": {""datatype"": ""xsd:integer"", ""predicates"": [""sioc:num_replies""]}, ""last_activity"": {""callback"": ""date_iso8601"", ""datatype"": ""xsd:dateTime"", ""predicates"": [""sioc:last_activity_date""]}}, ""field_ah_vol"": {""und"": [{""value"": ""54"", ""format"": null, ""safe_value"": ""54""}]}, ""field_source"": {""und"": [{""target_id"": ""124080""}]}, ""revision_uid"": ""1"", ""field_incipit"": {""und"": [{""value"": ""Gaude mater luminis quam divini numinis"", ""format"": ""plain_text"", ""safe_value"": ""Gaude mater luminis quam divini numinis""}]}, ""field_rubrics"": {""und"": [{""value"": ""[none, see above, b02]"", ""format"": ""plain_text"", ""safe_value"": ""[none, see above, b02]""}]}, ""field_mc_genre"": {""und"": [{""tid"": ""158""}]}, ""field_cantus_id"": {""und"": [{""value"": ""ah54225"", ""format"": null, ""safe_value"": ""ah54225""}]}, ""field_siglum_chant"": {""und"": [{""value"": ""D-Mbs 27020"", ""format"": ""plain_text"", ""safe_value"": ""D-Mbs 27020""}]}, ""revision_timestamp"": ""1485960247"", ""field_sequence_text"": {""und"": [{""value"": ""b18"", ""format"": ""plain_text"", ""safe_value"": ""b18""}]}, ""field_indexing_notes"": [], ""field_analecta_hymnica"": {""und"": [{""value"": ""54:225"", ""format"": ""plain_text"", ""safe_value"": ""54:225""}]}, ""field_image_link_chant"": []}",,,,,,,,,,,,,,,,,,,,,,,,158,,124080,,,,1,,,,,,,,
633142,2023-06-09 15:47:55.953698+00,2023-07-20 16:41:51.772063+00,1,Gaude mater luminis quam divini numinis,Gaude mater luminis quam divini numinis,D-Mbs 4548,64r,73,sequencia,54:225,,15a/d-sn,,,,54,ah54225,,"{""log"": ""Created by FeedsNodeProcessor"", ""nid"": ""633142"", ""uid"": ""1"", ""vid"": ""633142"", ""data"": ""a:1:{s:7:\""contact\"";i:0;}"", ""name"": ""admin"", ""tnid"": ""0"", ""type"": ""sequence"", ""title"": ""Gaude mater luminis quam divini numinis"", ""status"": ""1"", ""sticky"": ""0"", ""changed"": ""1485960295"", ""comment"": ""0"", ""created"": ""1432593657"", ""picture"": ""0"", ""promote"": ""0"", ""language"": ""und"", ""ds_switch"": """", ""translate"": ""0"", ""field_col1"": [], ""field_col2"": [], ""field_col3"": [], ""field_date"": {""und"": [{""value"": ""15a/d-sn"", ""format"": ""plain_text"", ""safe_value"": ""15a/d-sn""}]}, ""field_folio"": {""und"": [{""value"": ""64r"", ""format"": ""plain_text"", ""safe_value"": ""64r""}]}, ""rdf_mapping"": {""uid"": {""type"": ""rel"", ""predicates"": [""sioc:has_creator""]}, ""body"": {""predicates"": [""content:encoded""]}, ""name"": {""predicates"": [""foaf:name""]}, ""title"": {""predicates"": [""dc:title""]}, ""changed"": {""callback"": ""date_iso8601"", ""datatype"": ""xsd:dateTime"", ""predicates"": [""dc:modified""]}, ""created"": {""callback"": ""date_iso8601"", ""datatype"": ""xsd:dateTime"", ""predicates"": [""dc:date"", ""dc:created""]}, ""rdftype"": [""sioc:Item"", ""foaf:Document""], ""comment_count"": {""datatype"": ""xsd:integer"", ""predicates"": [""sioc:num_replies""]}, ""last_activity"": {""callback"": ""date_iso8601"", ""datatype"": ""xsd:dateTime"", ""predicates"": [""sioc:last_activity_date""]}}, ""field_ah_vol"": {""und"": [{""value"": ""54"", ""format"": null, ""safe_value"": ""54""}]}, ""field_source"": {""und"": [{""target_id"": ""124027""}]}, ""revision_uid"": ""1"", ""field_incipit"": {""und"": [{""value"": ""Gaude mater luminis quam divini numinis"", ""format"": ""plain_text"", ""safe_value"": ""Gaude mater luminis quam divini numinis""}]}, ""field_rubrics"": {""und"": [{""value"": ""sequencia"", ""format"": ""plain_text"", ""safe_value"": ""sequencia""}]}, ""field_mc_genre"": {""und"": [{""tid"": ""158""}]}, ""field_cantus_id"": {""und"": [{""value"": ""ah54225"", ""format"": null, ""safe_value"": ""ah54225""}]}, ""field_siglum_chant"": {""und"": [{""value"": ""D-Mbs 4548"", ""format"": ""plain_text"", ""safe_value"": ""D-Mbs 4548""}]}, ""revision_timestamp"": ""1485960295"", ""field_sequence_text"": {""und"": [{""value"": ""73"", ""format"": ""plain_text"", ""safe_value"": ""73""}]}, ""field_indexing_notes"": [], ""field_analecta_hymnica"": {""und"": [{""value"": ""54:225"", ""format"": ""plain_text"", ""safe_value"": ""54:225""}]}, ""field_image_link_chant"": []}",,,,,,,,,,,,,,,,,,,,,,,,158,,124027,,,,1,,,,,,,,
634633,2023-06-09 15:50:56.629098+00,2023-07-20 16:44:54.608724+00,1,Gaude mater luminis quam divini numinis,Gaude mater luminis quam divini numinis,D-Mbs 9508,255r,41,Alia,54:225,,15c/ds,ddm,,,54,ah54225,,"{""log"": ""Created by FeedsNodeProcessor"", ""nid"": ""634633"", ""uid"": ""1"", ""vid"": ""634633"", ""data"": ""a:1:{s:7:\""contact\"";i:0;}"", ""name"": ""admin"", ""tnid"": ""0"", ""type"": ""sequence"", ""title"": ""Gaude mater luminis quam divini numinis"", ""status"": ""1"", ""sticky"": ""0"", ""changed"": ""1485960305"", ""comment"": ""0"", ""created"": ""1432593684"", ""picture"": ""0"", ""promote"": ""0"", ""language"": ""und"", ""ds_switch"": """", ""translate"": ""0"", ""field_col1"": {""und"": [{""value"": ""ddm"", ""format"": ""plain_text"", ""safe_value"": ""ddm""}]}, ""field_col2"": [], ""field_col3"": [], ""field_date"": {""und"": [{""value"": ""15c/ds"", ""format"": ""plain_text"", ""safe_value"": ""15c/ds""}]}, ""field_folio"": {""und"": [{""value"": ""255r"", ""format"": ""plain_text"", ""safe_value"": ""255r""}]}, ""rdf_mapping"": {""uid"": {""type"": ""rel"", ""predicates"": [""sioc:has_creator""]}, ""body"": {""predicates"": [""content:encoded""]}, ""name"": {""predicates"": [""foaf:name""]}, ""title"": {""predicates"": [""dc:title""]}, ""changed"": {""callback"": ""date_iso8601"", ""datatype"": ""xsd:dateTime"", ""predicates"": [""dc:modified""]}, ""created"": {""callback"": ""date_iso8601"", ""datatype"": ""xsd:dateTime"", ""predicates"": [""dc:date"", ""dc:created""]}, ""rdftype"": [""sioc:Item"", ""foaf:Document""], ""comment_count"": {""datatype"": ""xsd:integer"", ""predicates"": [""sioc:num_replies""]}, ""last_activity"": {""callback"": ""date_iso8601"", ""datatype"": ""xsd:dateTime"", ""predicates"": [""sioc:last_activity_date""]}}, ""field_ah_vol"": {""und"": [{""value"": ""54"", ""format"": null, ""safe_value"": ""54""}]}, ""field_source"": {""und"": [{""target_id"": ""124043""}]}, ""revision_uid"": ""1"", ""field_incipit"": {""und"": [{""value"": ""Gaude mater luminis quam divini numinis"", ""format"": ""plain_text"", ""safe_value"": ""Gaude mater luminis quam divini numinis""}]}, ""field_rubrics"": {""und"": [{""value"": ""Alia"", ""format"": ""plain_text"", ""safe_value"": ""Alia""}]}, ""field_mc_genre"": {""und"": [{""tid"": ""158""}]}, ""field_cantus_id"": {""und"": [{""value"": ""ah54225"", ""format"": null, ""safe_value"": ""ah54225""}]}, ""field_siglum_chant"": {""und"": [{""value"": ""D-Mbs 9508"", ""format"": ""plain_text"", ""safe_value"": ""D-Mbs 9508""}]}, ""revision_timestamp"": ""1485960305"", ""field_sequence_text"": {""und"": [{""value"": ""41"", ""format"": ""plain_text"", ""safe_value"": ""41""}]}, ""field_indexing_notes"": [], ""field_analecta_hymnica"": {""und"": [{""value"": ""54:225"", ""format"": ""plain_text"", ""safe_value"": ""54:225""}]}, ""field_image_link_chant"": []}",,,,,,,,,,,,,,,,,,,,,,,,158,,124043,,,,1,,,,,,,,
633268,2023-06-09 15:48:10.667724+00,2023-07-20 16:42:19.683909+00,1,Gaude mater luminis quam divini numinis,Gaude mater luminis quam divini numinis,D-Mbs g716,95v,31,[none],54:225,Emerson Stck 95,15a/dd,,,,54,ah54225,,"{""log"": ""Created by FeedsNodeProcessor"", ""nid"": ""633268"", ""uid"": ""1"", ""vid"": ""633268"", ""data"": ""a:1:{s:7:\""contact\"";i:0;}"", ""name"": ""admin"", ""tnid"": ""0"", ""type"": ""sequence"", ""title"": ""Gaude mater luminis quam divini numinis"", ""status"": ""1"", ""sticky"": ""0"", ""changed"": ""1485960308"", ""comment"": ""0"", ""created"": ""1432593661"", ""picture"": ""0"", ""promote"": ""0"", ""language"": ""und"", ""ds_switch"": """", ""translate"": ""0"", ""field_col1"": [], ""field_col2"": [], ""field_col3"": [], ""field_date"": {""und"": [{""value"": ""15a/dd"", ""format"": ""plain_text"", ""safe_value"": ""15a/dd""}]}, ""field_folio"": {""und"": [{""value"": ""95v"", ""format"": ""plain_text"", ""safe_value"": ""95v""}]}, ""rdf_mapping"": {""uid"": {""type"": ""rel"", ""predicates"": [""sioc:has_creator""]}, ""body"": {""predicates"": [""content:encoded""]}, ""name"": {""predicates"": [""foaf:name""]}, ""title"": {""predicates"": [""dc:title""]}, ""changed"": {""callback"": ""date_iso8601"", ""datatype"": ""xsd:dateTime"", ""predicates"": [""dc:modified""]}, ""created"": {""callback"": ""date_iso8601"", ""datatype"": ""xsd:dateTime"", ""predicates"": [""dc:date"", ""dc:created""]}, ""rdftype"": [""sioc:Item"", ""foaf:Document""], ""comment_count"": {""datatype"": ""xsd:integer"", ""predicates"": [""sioc:num_replies""]}, ""last_activity"": {""callback"": ""date_iso8601"", ""datatype"": ""xsd:dateTime"", ""predicates"": [""sioc:last_activity_date""]}}, ""field_ah_vol"": {""und"": [{""value"": ""54"", ""format"": null, ""safe_value"": ""54""}]}, ""field_source"": {""und"": [{""target_id"": ""124030""}]}, ""revision_uid"": ""1"", ""field_incipit"": {""und"": [{""value"": ""Gaude mater luminis quam divini numinis"", ""format"": ""plain_text"", ""safe_value"": ""Gaude mater luminis quam divini numinis""}]}, ""field_rubrics"": {""und"": [{""value"": ""[none]"", ""format"": ""plain_text"", ""safe_value"": ""[none]""}]}, ""field_mc_genre"": {""und"": [{""tid"": ""158""}]}, ""field_cantus_id"": {""und"": [{""value"": ""ah54225"", ""format"": null, ""safe_value"": ""ah54225""}]}, ""field_siglum_chant"": {""und"": [{""value"": ""D-Mbs g716"", ""format"": ""plain_text"", ""safe_value"": ""D-Mbs g716""}]}, ""revision_timestamp"": ""1485960308"", ""field_sequence_text"": {""und"": [{""value"": ""31"", ""format"": ""plain_text"", ""safe_value"": ""31""}]}, ""field_indexing_notes"": {""und"": [{""value"": ""Emerson Stck 95"", ""format"": ""plain_text"", ""safe_value"": ""Emerson Stck 95""}]}, ""field_analecta_hymnica"": {""und"": [{""value"": ""54:225"", ""format"": ""plain_text"", ""safe_value"": ""54:225""}]}, ""field_image_link_chant"": []}",,,,,,,,,,,,,,,,,,,,,,,,158,,124030,,,,1,,,,,,,,
631818,2023-06-09 15:44:58.119845+00,2023-07-20 16:39:20.495287+00,1,Gaude mater luminis,Gaude mater luminis,D-Mu 156,214v,78,Item alia [BMV],54:225,,14c/dd,,,,54,ah54225,,"{""log"": ""Created by FeedsNodeProcessor"", ""nid"": ""631818"", ""uid"": ""1"", ""vid"": ""631818"", ""data"": ""a:1:{s:7:\""contact\"";i:0;}"", ""name"": ""admin"", ""tnid"": ""0"", ""type"": ""sequence"", ""title"": ""Gaude mater luminis"", ""status"": ""1"", ""sticky"": ""0"", ""changed"": ""1485960313"", ""comment"": ""0"", ""created"": ""1432593636"", ""picture"": ""0"", ""promote"": ""0"", ""language"": ""und"", ""ds_switch"": """", ""translate"": ""0"", ""field_col1"": [], ""field_col2"": [], ""field_col3"": [], ""field_date"": {""und"": [{""value"": ""14c/dd"", ""format"": ""plain_text"", ""safe_value"": ""14c/dd""}]}, ""field_folio"": {""und"": [{""value"": ""214v"", ""format"": ""plain_text"", ""safe_value"": ""214v""}]}, ""rdf_mapping"": {""uid"": {""type"": ""rel"", ""predicates"": [""sioc:has_creator""]}, ""body"": {""predicates"": [""content:encoded""]}, ""name"": {""predicates"": [""foaf:name""]}, ""title"": {""predicates"": [""dc:title""]}, ""changed"": {""callback"": ""date_iso8601"", ""datatype"": ""xsd:dateTime"", ""predicates"": [""dc:modified""]}, ""created"": {""callback"": ""date_iso8601"", ""datatype"": ""xsd:dateTime"", ""predicates"": [""dc:date"", ""dc:created""]}, ""rdftype"": [""sioc:Item"", ""foaf:Document""], ""comment_count"": {""datatype"": ""xsd:integer"", ""predicates"": [""sioc:num_replies""]}, ""last_activity"": {""callback"": ""date_iso8601"", ""datatype"": ""xsd:dateTime"", ""predicates"": [""sioc:last_activity_date""]}}, ""field_ah_vol"": {""und"": [{""value"": ""54"", ""format"": null, ""safe_value"": ""54""}]}, ""field_source"": {""und"": [{""target_id"": ""124000""}]}, ""revision_uid"": ""1"", ""field_incipit"": {""und"": [{""value"": ""Gaude mater luminis"", ""format"": ""plain_text"", ""safe_value"": ""Gaude mater luminis""}]}, ""field_rubrics"": {""und"": [{""value"": ""Item alia [BMV]"", ""format"": ""plain_text"", ""safe_value"": ""Item alia [BMV]""}]}, ""field_mc_genre"": {""und"": [{""tid"": ""158""}]}, ""field_cantus_id"": {""und"": [{""value"": ""ah54225"", ""format"": null, ""safe_value"": ""ah54225""}]}, ""field_siglum_chant"": {""und"": [{""value"": ""D-Mu 156"", ""format"": ""plain_text"", ""safe_value"": ""D-Mu 156""}]}, ""revision_timestamp"": ""1485960313"", ""field_sequence_text"": {""und"": [{""value"": ""78"", ""format"": ""plain_text"", ""safe_value"": ""78""}]}, ""field_indexing_notes"": [], ""field_analecta_hymnica"": {""und"": [{""value"": ""54:225"", ""format"": ""plain_text"", ""safe_value"": ""54:225""}]}, ""field_image_link_chant"": []}",,,,,,,,,,,,,,,,,,,,,,,,158,,124000,,,,1,,,,,,,,
636865,2023-06-09 15:55:48.314326+00,2023-07-20 16:49:07.686808+00,1,Gaude mater luminis quam divini numinis,Gaude mater luminis quam divini numinis,D-P/imp1511,280v,86,Alia sequentia De beata virgine,54:225,,16a/imp,,,,54,ah54225,,"{""log"": ""Created by FeedsNodeProcessor"", ""nid"": ""636865"", ""uid"": ""1"", ""vid"": ""636865"", ""data"": ""a:1:{s:7:\""contact\"";i:0;}"", ""name"": ""admin"", ""tnid"": ""0"", ""type"": ""sequence"", ""title"": ""Gaude mater luminis quam divini numinis"", ""status"": ""1"", ""sticky"": ""0"", ""changed"": ""1485960320"", ""comment"": ""0"", ""created"": ""1432593729"", ""picture"": ""0"", ""promote"": ""0"", ""language"": ""und"", ""ds_switch"": """", ""translate"": ""0"", ""field_col1"": [], ""field_col2"": [], ""field_col3"": [], ""field_date"": {""und"": [{""value"": ""16a/imp"", ""format"": ""plain_text"", ""safe_value"": ""16a/imp""}]}, ""field_folio"": {""und"": [{""value"": ""280v"", ""format"": ""plain_text"", ""safe_value"": ""280v""}]}, ""rdf_mapping"": {""uid"": {""type"": ""rel"", ""predicates"": [""sioc:has_creator""]}, ""body"": {""predicates"": [""content:encoded""]}, ""name"": {""predicates"": [""foaf:name""]}, ""title"": {""predicates"": [""dc:title""]}, ""changed"": {""callback"": ""date_iso8601"", ""datatype"": ""xsd:dateTime"", ""predicates"": [""dc:modified""]}, ""created"": {""callback"": ""date_iso8601"", ""datatype"": ""xsd:dateTime"", ""predicates"": [""dc:date"", ""dc:created""]}, ""rdftype"": [""sioc:Item"", ""foaf:Document""], ""comment_count"": {""datatype"": ""xsd:integer"", ""predicates"": [""sioc:num_replies""]}, ""last_activity"": {""callback"": ""date_iso8601"", ""datatype"": ""xsd:dateTime"", ""predicates"": [""sioc:last_activity_date""]}}, ""field_ah_vol"": {""und"": [{""value"": ""54"", ""format"": null, ""safe_value"": ""54""}]}, ""field_source"": {""und"": [{""target_id"": ""124081""}]}, ""revision_uid"": ""1"", ""field_incipit"": {""und"": [{""value"": ""Gaude mater luminis quam divini numinis"", ""format"": ""plain_text"", ""safe_value"": ""Gaude mater luminis quam divini numinis""}]}, ""field_rubrics"": {""und"": [{""value"": ""Alia sequentia De beata virgine"", ""format"": ""plain_text"", ""safe_value"": ""Alia sequentia De beata virgine""}]}, ""field_mc_genre"": {""und"": [{""tid"": ""158""}]}, ""field_cantus_id"": {""und"": [{""value"": ""ah54225"", ""format"": null, ""safe_value"": ""ah54225""}]}, ""field_siglum_chant"": {""und"": [{""value"": ""D-P/imp1511"", ""format"": ""plain_text"", ""safe_value"": ""D-P/imp1511""}]}, ""revision_timestamp"": ""1485960320"", ""field_sequence_text"": {""und"": [{""value"": ""86"", ""format"": ""plain_text"", ""safe_value"": ""86""}]}, ""field_indexing_notes"": [], ""field_analecta_hymnica"": {""und"": [{""value"": ""54:225"", ""format"": ""plain_text"", ""safe_value"": ""54:225""}]}, ""field_image_link_chant"": []}",,,,,,,,,,,,,,,,,,,,,,,,158,,124081,,,,1,,,,,,,,
637395,2023-06-09 15:56:50.977555+00,2023-07-20 16:50:07.74162+00,1,Gaude mater luminis,Gaude mater luminis,D-Rtt 1/II,493r,b13,[de bMv],54:225,,16c/dd,,,,54,ah54225,,"{""log"": ""Created by FeedsNodeProcessor"", ""nid"": ""637395"", ""uid"": ""1"", ""vid"": ""637395"", ""data"": ""a:1:{s:7:\""contact\"";i:0;}"", ""name"": ""admin"", ""tnid"": ""0"", ""type"": ""sequence"", ""title"": ""Gaude mater luminis"", ""status"": ""1"", ""sticky"": ""0"", ""changed"": ""1485960326"", ""comment"": ""0"", ""created"": ""1432593738"", ""picture"": ""0"", ""promote"": ""0"", ""language"": ""und"", ""ds_switch"": """", ""translate"": ""0"", ""field_col1"": [], ""field_col2"": [], ""field_col3"": [], ""field_date"": {""und"": [{""value"": ""16c/dd"", ""format"": ""plain_text"", ""safe_value"": ""16c/dd""}]}, ""field_folio"": {""und"": [{""value"": ""493r"", ""format"": ""plain_text"", ""safe_value"": ""493r""}]}, ""rdf_mapping"": {""uid"": {""type"": ""rel"", ""predicates"": [""sioc:has_creator""]}, ""body"": {""predicates"": [""content:encoded""]}, ""name"": {""predicates"": [""foaf:name""]}, ""title"": {""predicates"": [""dc:title""]}, ""changed"": {""callback"": ""date_iso8601"", ""datatype"": ""xsd:dateTime"", ""predicates"": [""dc:modified""]}, ""created"": {""callback"": ""date_iso8601"", ""datatype"": ""xsd:dateTime"", ""predicates"": [""dc:date"", ""dc:created""]}, ""rdftype"": [""sioc:Item"", ""foaf:Document""], ""comment_count"": {""datatype"": ""xsd:integer"", ""predicates"": [""sioc:num_replies""]}, ""last_activity"": {""callback"": ""date_iso8601"", ""datatype"": ""xsd:dateTime"", ""predicates"": [""sioc:last_activity_date""]}}, ""field_ah_vol"": {""und"": [{""value"": ""54"", ""format"": null, ""safe_value"": ""54""}]}, ""field_source"": {""und"": [{""target_id"": ""124093""}]}, ""revision_uid"": ""1"", ""field_incipit"": {""und"": [{""value"": ""Gaude mater luminis"", ""format"": ""plain_text"", ""safe_value"": ""Gaude mater luminis""}]}, ""field_rubrics"": {""und"": [{""value"": ""[de bMv]"", ""format"": ""plain_text"", ""safe_value"": ""[de bMv]""}]}, ""field_mc_genre"": {""und"": [{""tid"": ""158""}]}, ""field_cantus_id"": {""und"": [{""value"": ""ah54225"", ""format"": null, ""safe_value"": ""ah54225""}]}, ""field_siglum_chant"": {""und"": [{""value"": ""D-Rtt 1/II"", ""format"": ""plain_text"", ""safe_value"": ""D-Rtt 1/II""}]}, ""revision_timestamp"": ""1485960326"", ""field_sequence_text"": {""und"": [{""value"": ""b13"", ""format"": ""plain_text"", ""safe_value"": ""b13""}]}, ""field_indexing_notes"": [], ""field_analecta_hymnica"": {""und"": [{""value"": ""54:225"", ""format"": ""plain_text"", ""safe_value"": ""54:225""}]}, ""field_image_link_chant"": []}",,,,,,,,,,,,,,,,,,,,,,,,158,,124093,,,,1,,,,,,,,
636601,2023-06-09 15:55:16.037301+00,2023-07-20 16:48:37.016037+00,1,Gaude mater luminis quam divini numinis,Gaude mater luminis quam divini numinis,D-Rtt 42/II,13r,15,[none],54:225,,16a/dd,,,,54,ah54225,,"{""log"": ""Created by FeedsNodeProcessor"", ""nid"": ""636601"", ""uid"": ""1"", ""vid"": ""636601"", ""data"": ""a:1:{s:7:\""contact\"";i:0;}"", ""name"": ""admin"", ""tnid"": ""0"", ""type"": ""sequence"", ""title"": ""Gaude mater luminis quam divini numinis"", ""status"": ""1"", ""sticky"": ""0"", ""changed"": ""1485960326"", ""comment"": ""0"", ""created"": ""1432593722"", ""picture"": ""0"", ""promote"": ""0"", ""language"": ""und"", ""ds_switch"": """", ""translate"": ""0"", ""field_col1"": [], ""field_col2"": [], ""field_col3"": [], ""field_date"": {""und"": [{""value"": ""16a/dd"", ""format"": ""plain_text"", ""safe_value"": ""16a/dd""}]}, ""field_folio"": {""und"": [{""value"": ""13r"", ""format"": ""plain_text"", ""safe_value"": ""13r""}]}, ""rdf_mapping"": {""uid"": {""type"": ""rel"", ""predicates"": [""sioc:has_creator""]}, ""body"": {""predicates"": [""content:encoded""]}, ""name"": {""predicates"": [""foaf:name""]}, ""title"": {""predicates"": [""dc:title""]}, ""changed"": {""callback"": ""date_iso8601"", ""datatype"": ""xsd:dateTime"", ""predicates"": [""dc:modified""]}, ""created"": {""callback"": ""date_iso8601"", ""datatype"": ""xsd:dateTime"", ""predicates"": [""dc:date"", ""dc:created""]}, ""rdftype"": [""sioc:Item"", ""foaf:Document""], ""comment_count"": {""datatype"": ""xsd:integer"", ""predicates"": [""sioc:num_replies""]}, ""last_activity"": {""callback"": ""date_iso8601"", ""datatype"": ""xsd:dateTime"", ""predicates"": [""sioc:last_activity_date""]}}, ""field_ah_vol"": {""und"": [{""value"": ""54"", ""format"": null, ""safe_value"": ""54""}]}, ""field_source"": {""und"": [{""target_id"": ""124082""}]}, ""revision_uid"": ""1"", ""field_incipit"": {""und"": [{""value"": ""Gaude mater luminis quam divini numinis"", ""format"": ""plain_text"", ""safe_value"": ""Gaude mater luminis quam divini numinis""}]}, ""field_rubrics"": {""und"": [{""value"": ""[none]"", ""format"": ""plain_text"", ""safe_value"": ""[none]""}]}, ""field_mc_genre"": {""und"": [{""tid"": ""158""}]}, ""field_cantus_id"": {""und"": [{""value"": ""ah54225"", ""format"": null, ""safe_value"": ""ah54225""}]}, ""field_siglum_chant"": {""und"": [{""value"": ""D-Rtt 42/II"", ""format"": ""plain_text"", ""safe_value"": ""D-Rtt 42/II""}]}, ""revision_timestamp"": ""1485960326"", ""field_sequence_text"": {""und"": [{""value"": ""15"", ""format"": ""plain_text"", ""safe_value"": ""15""}]}, ""field_indexing_notes"": [], ""field_analecta_hymnica"": {""und"": [{""value"": ""54:225"", ""format"": ""plain_text"", ""safe_value"": ""54:225""}]}, ""field_image_link_chant"": []}",,,,,,,,,,,,,,,,,,,,,,,,158,,124082,,,,1,,,,,,,,
636643,2023-06-09 15:55:20.853291+00,2023-07-20 16:48:41.694258+00,1,Gaude mater luminis,Gaude mater luminis,D-Rtt 7/II,33v,c13,[none: bMv],54:225,,16a/dd,,,,54,ah54225,,"{""log"": ""Created by FeedsNodeProcessor"", ""nid"": ""636643"", ""uid"": ""1"", ""vid"": ""636643"", ""data"": ""a:1:{s:7:\""contact\"";i:0;}"", ""name"": ""admin"", ""tnid"": ""0"", ""type"": ""sequence"", ""title"": ""Gaude mater luminis"", ""status"": ""1"", ""sticky"": ""0"", ""changed"": ""1485960332"", ""comment"": ""0"", ""created"": ""1432593724"", ""picture"": ""0"", ""promote"": ""0"", ""language"": ""und"", ""ds_switch"": """", ""translate"": ""0"", ""field_col1"": [], ""field_col2"": [], ""field_col3"": [], ""field_date"": {""und"": [{""value"": ""16a/dd"", ""format"": ""plain_text"", ""safe_value"": ""16a/dd""}]}, ""field_folio"": {""und"": [{""value"": ""33v"", ""format"": ""plain_text"", ""safe_value"": ""33v""}]}, ""rdf_mapping"": {""uid"": {""type"": ""rel"", ""predicates"": [""sioc:has_creator""]}, ""body"": {""predicates"": [""content:encoded""]}, ""name"": {""predicates"": [""foaf:name""]}, ""title"": {""predicates"": [""dc:title""]}, ""changed"": {""callback"": ""date_iso8601"", ""datatype"": ""xsd:dateTime"", ""predicates"": [""dc:modified""]}, ""created"": {""callback"": ""date_iso8601"", ""datatype"": ""xsd:dateTime"", ""predicates"": [""dc:date"", ""dc:created""]}, ""rdftype"": [""sioc:Item"", ""foaf:Document""], ""comment_count"": {""datatype"": ""xsd:integer"", ""predicates"": [""sioc:num_replies""]}, ""last_activity"": {""callback"": ""date_iso8601"", ""datatype"": ""xsd:dateTime"", ""predicates"": [""sioc:last_activity_date""]}}, ""field_ah_vol"": {""und"": [{""value"": ""54"", ""format"": null, ""safe_value"": ""54""}]}, ""field_source"": {""und"": [{""target_id"": ""124083""}]}, ""revision_uid"": ""1"", ""field_incipit"": {""und"": [{""value"": ""Gaude mater luminis"", ""format"": ""plain_text"", ""safe_value"": ""Gaude mater luminis""}]}, ""field_rubrics"": {""und"": [{""value"": ""[none: bMv]"", ""format"": ""plain_text"", ""safe_value"": ""[none: bMv]""}]}, ""field_mc_genre"": {""und"": [{""tid"": ""158""}]}, ""field_cantus_id"": {""und"": [{""value"": ""ah54225"", ""format"": null, ""safe_value"": ""ah54225""}]}, ""field_siglum_chant"": {""und"": [{""value"": ""D-Rtt 7/II"", ""format"": ""plain_text"", ""safe_value"": ""D-Rtt 7/II""}]}, ""revision_timestamp"": ""1485960332"", ""field_sequence_text"": {""und"": [{""value"": ""c13"", ""format"": ""plain_text"", ""safe_value"": ""c13""}]}, ""field_indexing_notes"": [], ""field_analecta_hymnica"": {""und"": [{""value"": ""54:225"", ""format"": ""plain_text"", ""safe_value"": ""54:225""}]}, ""field_image_link_chant"": []}",,,,,,,,,,,,,,,,,,,,,,,,158,,124083,,,,1,,,,,,,,
625744,2023-06-09 15:29:21.818977+00,2023-07-20 16:26:19.810039+00,1,Gaude mater luminis,Gaude mater luminis,D-Sl 20,74v,42+,,54:225,Later addition,12am/d-sn,,,,54,ah54225,,"{""log"": ""Created by FeedsNodeProcessor"", ""nid"": ""625744"", ""uid"": ""1"", ""vid"": ""625744"", ""data"": ""a:1:{s:7:\""contact\"";i:0;}"", ""name"": ""admin"", ""tnid"": ""0"", ""type"": ""sequence"", ""title"": ""Gaude mater luminis"", ""status"": ""1"", ""sticky"": ""0"", ""changed"": ""1485960336"", ""comment"": ""0"", ""created"": ""1432593233"", ""picture"": ""0"", ""promote"": ""0"", ""language"": ""und"", ""ds_switch"": """", ""translate"": ""0"", ""field_col1"": [], ""field_col2"": [], ""field_col3"": [], ""field_date"": {""und"": [{""value"": ""12am/d-sn"", ""format"": ""plain_text"", ""safe_value"": ""12am/d-sn""}]}, ""field_folio"": {""und"": [{""value"": ""74v"", ""format"": ""plain_text"", ""safe_value"": ""74v""}]}, ""rdf_mapping"": {""uid"": {""type"": ""rel"", ""predicates"": [""sioc:has_creator""]}, ""body"": {""predicates"": [""content:encoded""]}, ""name"": {""predicates"": [""foaf:name""]}, ""title"": {""predicates"": [""dc:title""]}, ""changed"": {""callback"": ""date_iso8601"", ""datatype"": ""xsd:dateTime"", ""predicates"": [""dc:modified""]}, ""created"": {""callback"": ""date_iso8601"", ""datatype"": ""xsd:dateTime"", ""predicates"": [""dc:date"", ""dc:created""]}, ""rdftype"": [""sioc:Item"", ""foaf:Document""], ""comment_count"": {""datatype"": ""xsd:integer"", ""predicates"": [""sioc:num_replies""]}, ""last_activity"": {""callback"": ""date_iso8601"", ""datatype"": ""xsd:dateTime"", ""predicates"": [""sioc:last_activity_date""]}}, ""field_ah_vol"": {""und"": [{""value"": ""54"", ""format"": null, ""safe_value"": ""54""}]}, ""field_source"": {""und"": [{""target_id"": ""123912""}]}, ""revision_uid"": ""1"", ""field_incipit"": {""und"": [{""value"": ""Gaude mater luminis"", ""format"": ""plain_text"", ""safe_value"": ""Gaude mater luminis""}]}, ""field_rubrics"": [], ""field_mc_genre"": {""und"": [{""tid"": ""158""}]}, ""field_cantus_id"": {""und"": [{""value"": ""ah54225"", ""format"": null, ""safe_value"": ""ah54225""}]}, ""field_siglum_chant"": {""und"": [{""value"": ""D-Sl 20"", ""format"": ""plain_text"", ""safe_value"": ""D-Sl 20""}]}, ""revision_timestamp"": ""1485960336"", ""field_sequence_text"": {""und"": [{""value"": ""42+"", ""format"": ""plain_text"", ""safe_value"": ""42+""}]}, ""field_indexing_notes"": {""und"": [{""value"": ""Later addition"", ""format"": ""plain_text"", ""safe_value"": ""Later addition""}]}, ""field_analecta_hymnica"": {""und"": [{""value"": ""54:225"", ""format"": ""plain_text"", ""safe_value"": ""54:225""}]}, ""field_image_link_chant"": []}",,,,,,,,,,,,,,,,,,,,,,,,158,,123912,,,,1,,,,,,,,
626212,2023-06-09 15:31:15.56294+00,2023-07-20 16:27:12.182568+00,1,Gaude mater luminis quam divini numinis,Gaude mater luminis quam divini numinis,GB-Lbl add.24680,63r,47,alia,54:225,sine neumis,12bc/dn,,,,54,ah54225,,"{""log"": ""Created by FeedsNodeProcessor"", ""nid"": ""626212"", ""uid"": ""1"", ""vid"": ""626212"", ""data"": ""a:1:{s:7:\""contact\"";i:0;}"", ""name"": ""admin"", ""tnid"": ""0"", ""type"": ""sequence"", ""title"": ""Gaude mater luminis quam divini numinis"", ""status"": ""1"", ""sticky"": ""0"", ""changed"": ""1485960607"", ""comment"": ""0"", ""created"": ""1432593242"", ""picture"": ""0"", ""promote"": ""0"", ""language"": ""und"", ""ds_switch"": """", ""translate"": ""0"", ""field_col1"": [], ""field_col2"": [], ""field_col3"": [], ""field_date"": {""und"": [{""value"": ""12bc/dn"", ""format"": ""plain_text"", ""safe_value"": ""12bc/dn""}]}, ""field_folio"": {""und"": [{""value"": ""63r"", ""format"": ""plain_text"", ""safe_value"": ""63r""}]}, ""rdf_mapping"": {""uid"": {""type"": ""rel"", ""predicates"": [""sioc:has_creator""]}, ""body"": {""predicates"": [""content:encoded""]}, ""name"": {""predicates"": [""foaf:name""]}, ""title"": {""predicates"": [""dc:title""]}, ""changed"": {""callback"": ""date_iso8601"", ""datatype"": ""xsd:dateTime"", ""predicates"": [""dc:modified""]}, ""created"": {""callback"": ""date_iso8601"", ""datatype"": ""xsd:dateTime"", ""predicates"": [""dc:date"", ""dc:created""]}, ""rdftype"": [""sioc:Item"", ""foaf:Document""], ""comment_count"": {""datatype"": ""xsd:integer"", ""predicates"": [""sioc:num_replies""]}, ""last_activity"": {""callback"": ""date_iso8601"", ""datatype"": ""xsd:dateTime"", ""predicates"": [""sioc:last_activity_date""]}}, ""field_ah_vol"": {""und"": [{""value"": ""54"", ""format"": null, ""safe_value"": ""54""}]}, ""field_source"": {""und"": [{""target_id"": ""123865""}]}, ""revision_uid"": ""1"", ""field_incipit"": {""und"": [{""value"": ""Gaude mater luminis quam divini numinis"", ""format"": ""plain_text"", ""safe_value"": ""Gaude mater luminis quam divini numinis""}]}, ""field_rubrics"": {""und"": [{""value"": ""alia"", ""format"": ""plain_text"", ""safe_value"": ""alia""}]}, ""field_mc_genre"": {""und"": [{""tid"": ""158""}]}, ""field_cantus_id"": {""und"": [{""value"": ""ah54225"", ""format"": null, ""safe_value"": ""ah54225""}]}, ""field_siglum_chant"": {""und"": [{""value"": ""GB-Lbl add.24680"", ""format"": ""plain_text"", ""safe_value"": ""GB-Lbl add.24680""}]}, ""revision_timestamp"": ""1485960607"", ""field_sequence_text"": {""und"": [{""value"": ""47"", ""format"": ""plain_text"", ""safe_value"": ""47""}]}, ""field_indexing_notes"": {""und"": [{""value"": ""sine neumis"", ""format"": ""plain_text"", ""safe_value"": ""sine neumis""}]}, ""field_analecta_hymnica"": {""und"": [{""value"": ""54:225"", ""format"": ""plain_text"", ""safe_value"": ""54:225""}]}, ""field_image_link_chant"": []}",,,,,,,,,,,,,,,,,,,,,,,,158,,123865,,,,1,,,,,,,,
628432,2023-06-09 15:37:45.496114+00,2023-07-20 16:31:23.738744+00,1,Gaude mater luminis,Gaude mater luminis,GB-Ob can.lit.340,151v,51,alia,54:225,Without neumes,13a/dn,[ddm],,,54,ah54225,,"{""log"": ""Created by FeedsNodeProcessor"", ""nid"": ""628432"", ""uid"": ""1"", ""vid"": ""628432"", ""data"": ""a:1:{s:7:\""contact\"";i:0;}"", ""name"": ""admin"", ""tnid"": ""0"", ""type"": ""sequence"", ""title"": ""Gaude mater luminis"", ""status"": ""1"", ""sticky"": ""0"", ""changed"": ""1485960617"", ""comment"": ""0"", ""created"": ""1432593284"", ""picture"": ""0"", ""promote"": ""0"", ""language"": ""und"", ""ds_switch"": """", ""translate"": ""0"", ""field_col1"": {""und"": [{""value"": ""[ddm]"", ""format"": ""plain_text"", ""safe_value"": ""[ddm]""}]}, ""field_col2"": [], ""field_col3"": [], ""field_date"": {""und"": [{""value"": ""13a/dn"", ""format"": ""plain_text"", ""safe_value"": ""13a/dn""}]}, ""field_folio"": {""und"": [{""value"": ""151v"", ""format"": ""plain_text"", ""safe_value"": ""151v""}]}, ""rdf_mapping"": {""uid"": {""type"": ""rel"", ""predicates"": [""sioc:has_creator""]}, ""body"": {""predicates"": [""content:encoded""]}, ""name"": {""predicates"": [""foaf:name""]}, ""title"": {""predicates"": [""dc:title""]}, ""changed"": {""callback"": ""date_iso8601"", ""datatype"": ""xsd:dateTime"", ""predicates"": [""dc:modified""]}, ""created"": {""callback"": ""date_iso8601"", ""datatype"": ""xsd:dateTime"", ""predicates"": [""dc:date"", ""dc:created""]}, ""rdftype"": [""sioc:Item"", ""foaf:Document""], ""comment_count"": {""datatype"": ""xsd:integer"", ""predicates"": [""sioc:num_replies""]}, ""last_activity"": {""callback"": ""date_iso8601"", ""datatype"": ""xsd:dateTime"", ""predicates"": [""sioc:last_activity_date""]}}, ""field_ah_vol"": {""und"": [{""value"": ""54"", ""format"": null, ""safe_value"": ""54""}]}, ""field_source"": {""und"": [{""target_id"": ""123944""}]}, ""revision_uid"": ""1"", ""field_incipit"": {""und"": [{""value"": ""Gaude mater luminis"", ""format"": ""plain_text"", ""safe_value"": ""Gaude mater luminis""}]}, ""field_rubrics"": {""und"": [{""value"": ""alia"", ""format"": ""plain_text"", ""safe_value"": ""alia""}]}, ""field_mc_genre"": {""und"": [{""tid"": ""158""}]}, ""field_cantus_id"": {""und"": [{""value"": ""ah54225"", ""format"": null, ""safe_value"": ""ah54225""}]}, ""field_siglum_chant"": {""und"": [{""value"": ""GB-Ob can.lit.340"", ""format"": ""plain_text"", ""safe_value"": ""GB-Ob can.lit.340""}]}, ""revision_timestamp"": ""1485960617"", ""field_sequence_text"": {""und"": [{""value"": ""51"", ""format"": ""plain_text"", ""safe_value"": ""51""}]}, ""field_indexing_notes"": {""und"": [{""value"": ""Without neumes"", ""format"": ""plain_text"", ""safe_value"": ""Without neumes""}]}, ""field_analecta_hymnica"": {""und"": [{""value"": ""54:225"", ""format"": ""plain_text"", ""safe_value"": ""54:225""}]}, ""field_image_link_chant"": []}",,,,,,,,,,,,,,,,,,,,,,,,158,,123944,,,,1,,,,,,,,
626658,2023-06-09 15:32:45.959321+00,2023-07-20 16:28:02.932385+00,1,Gaude mater luminis,Gaude mater luminis,GB-Ob can.lit.341,58v,53,Alia,54:225,With interlinear neumes.  ,12c/d-sn,ddm,,,54,ah54225,,"{""log"": ""Created by FeedsNodeProcessor"", ""nid"": ""626658"", ""uid"": ""1"", ""vid"": ""626658"", ""data"": ""a:1:{s:7:\""contact\"";i:0;}"", ""name"": ""admin"", ""tnid"": ""0"", ""type"": ""sequence"", ""title"": ""Gaude mater luminis"", ""status"": ""1"", ""sticky"": ""0"", ""changed"": ""1485960618"", ""comment"": ""0"", ""created"": ""1432593248"", ""picture"": ""0"", ""promote"": ""0"", ""language"": ""und"", ""ds_switch"": """", ""translate"": ""0"", ""field_col1"": {""und"": [{""value"": ""ddm"", ""format"": ""plain_text"", ""safe_value"": ""ddm""}]}, ""field_col2"": [], ""field_col3"": [], ""field_date"": {""und"": [{""value"": ""12c/d-sn"", ""format"": ""plain_text"", ""safe_value"": ""12c/d-sn""}]}, ""field_folio"": {""und"": [{""value"": ""58v"", ""format"": ""plain_text"", ""safe_value"": ""58v""}]}, ""rdf_mapping"": {""uid"": {""type"": ""rel"", ""predicates"": [""sioc:has_creator""]}, ""body"": {""predicates"": [""content:encoded""]}, ""name"": {""predicates"": [""foaf:name""]}, ""title"": {""predicates"": [""dc:title""]}, ""changed"": {""callback"": ""date_iso8601"", ""datatype"": ""xsd:dateTime"", ""predicates"": [""dc:modified""]}, ""created"": {""callback"": ""date_iso8601"", ""datatype"": ""xsd:dateTime"", ""predicates"": [""dc:date"", ""dc:created""]}, ""rdftype"": [""sioc:Item"", ""foaf:Document""], ""comment_count"": {""datatype"": ""xsd:integer"", ""predicates"": [""sioc:num_replies""]}, ""last_activity"": {""callback"": ""date_iso8601"", ""datatype"": ""xsd:dateTime"", ""predicates"": [""sioc:last_activity_date""]}}, ""field_ah_vol"": {""und"": [{""value"": ""54"", ""format"": null, ""safe_value"": ""54""}]}, ""field_source"": {""und"": [{""target_id"": ""123907""}]}, ""revision_uid"": ""1"", ""field_incipit"": {""und"": [{""value"": ""Gaude mater luminis"", ""format"": ""plain_text"", ""safe_value"": ""Gaude mater luminis""}]}, ""field_rubrics"": {""und"": [{""value"": ""Alia"", ""format"": ""plain_text"", ""safe_value"": ""Alia""}]}, ""field_mc_genre"": {""und"": [{""tid"": ""158""}]}, ""field_cantus_id"": {""und"": [{""value"": ""ah54225"", ""format"": null, ""safe_value"": ""ah54225""}]}, ""field_siglum_chant"": {""und"": [{""value"": ""GB-Ob can.lit.341"", ""format"": ""plain_text"", ""safe_value"": ""GB-Ob can.lit.341""}]}, ""revision_timestamp"": ""1485960618"", ""field_sequence_text"": {""und"": [{""value"": ""53"", ""format"": ""plain_text"", ""safe_value"": ""53""}]}, ""field_indexing_notes"": {""und"": [{""value"": ""With interlinear neumes.  "", ""format"": ""plain_text"", ""safe_value"": ""With interlinear neumes.  ""}]}, ""field_analecta_hymnica"": {""und"": [{""value"": ""54:225"", ""format"": ""plain_text"", ""safe_value"": ""54:225""}]}, ""field_image_link_chant"": []}",,,,,,,,,,,,,,,,,,,,,,,,158,,123907,,,,1,,,,,,,,
630679,2023-06-09 15:42:38.307268+00,2023-07-20 16:37:07.346785+00,1,Gaude mater luminis,Gaude mater luminis,GB-Ob can.lit.354,128v,45,Alia de sancta Maria,54:225,Without neumesand written in 12th c. hand.  Part of the missale.,14/d-sn,,,,54,ah54225,,"{""log"": ""Created by FeedsNodeProcessor"", ""nid"": ""630679"", ""uid"": ""1"", ""vid"": ""630679"", ""data"": ""a:1:{s:7:\""contact\"";i:0;}"", ""name"": ""admin"", ""tnid"": ""0"", ""type"": ""sequence"", ""title"": ""Gaude mater luminis"", ""status"": ""1"", ""sticky"": ""0"", ""changed"": ""1485960622"", ""comment"": ""0"", ""created"": ""1432593614"", ""picture"": ""0"", ""promote"": ""0"", ""language"": ""und"", ""ds_switch"": """", ""translate"": ""0"", ""field_col1"": [], ""field_col2"": [], ""field_col3"": [], ""field_date"": {""und"": [{""value"": ""14/d-sn"", ""format"": ""plain_text"", ""safe_value"": ""14/d-sn""}]}, ""field_folio"": {""und"": [{""value"": ""128v"", ""format"": ""plain_text"", ""safe_value"": ""128v""}]}, ""rdf_mapping"": {""uid"": {""type"": ""rel"", ""predicates"": [""sioc:has_creator""]}, ""body"": {""predicates"": [""content:encoded""]}, ""name"": {""predicates"": [""foaf:name""]}, ""title"": {""predicates"": [""dc:title""]}, ""changed"": {""callback"": ""date_iso8601"", ""datatype"": ""xsd:dateTime"", ""predicates"": [""dc:modified""]}, ""created"": {""callback"": ""date_iso8601"", ""datatype"": ""xsd:dateTime"", ""predicates"": [""dc:date"", ""dc:created""]}, ""rdftype"": [""sioc:Item"", ""foaf:Document""], ""comment_count"": {""datatype"": ""xsd:integer"", ""predicates"": [""sioc:num_replies""]}, ""last_activity"": {""callback"": ""date_iso8601"", ""datatype"": ""xsd:dateTime"", ""predicates"": [""sioc:last_activity_date""]}}, ""field_ah_vol"": {""und"": [{""value"": ""54"", ""format"": null, ""safe_value"": ""54""}]}, ""field_source"": {""und"": [{""target_id"": ""123901""}]}, ""revision_uid"": ""1"", ""field_incipit"": {""und"": [{""value"": ""Gaude mater luminis"", ""format"": ""plain_text"", ""safe_value"": ""Gaude mater luminis""}]}, ""field_rubrics"": {""und"": [{""value"": ""Alia de sancta Maria"", ""format"": ""plain_text"", ""safe_value"": ""Alia de sancta Maria""}]}, ""field_mc_genre"": {""und"": [{""tid"": ""158""}]}, ""field_cantus_id"": {""und"": [{""value"": ""ah54225"", ""format"": null, ""safe_value"": ""ah54225""}]}, ""field_siglum_chant"": {""und"": [{""value"": ""GB-Ob can.lit.354"", ""format"": ""plain_text"", ""safe_value"": ""GB-Ob can.lit.354""}]}, ""revision_timestamp"": ""1485960622"", ""field_sequence_text"": {""und"": [{""value"": ""45"", ""format"": ""plain_text"", ""safe_value"": ""45""}]}, ""field_indexing_notes"": {""und"": [{""value"": ""Without neumes\u000band written in 12th c. hand.  Part of the missale."", ""format"": ""plain_text"", ""safe_value"": ""Without neumes\u000band written in 12th c. hand.  Part of the missale.""}]}, ""field_analecta_hymnica"": {""und"": [{""value"": ""54:225"", ""format"": ""plain_text"", ""safe_value"": ""54:225""}]}, ""field_image_link_chant"": []}",,,,,,,,,,,,,,,,,,,,,,,,158,,123901,,,,1,,,,,,,,
632953,2023-06-09 15:47:34.083055+00,2023-07-20 16:41:30.272801+00,1,Gaude mater luminis quam divini numinis,Gaude mater luminis quam divini numinis,I-CF 56,331r,54,De sancta Maria,54:225,,14x/ins,,,,54,ah54225,,"{""log"": ""Created by FeedsNodeProcessor"", ""nid"": ""632953"", ""uid"": ""1"", ""vid"": ""632953"", ""data"": ""a:1:{s:7:\""contact\"";i:0;}"", ""name"": ""admin"", ""tnid"": ""0"", ""type"": ""sequence"", ""title"": ""Gaude mater luminis quam divini numinis"", ""status"": ""1"", ""sticky"": ""0"", ""changed"": ""1485960663"", ""comment"": ""0"", ""created"": ""1432593654"", ""picture"": ""0"", ""promote"": ""0"", ""language"": ""und"", ""ds_switch"": """", ""translate"": ""0"", ""field_col1"": [], ""field_col2"": [], ""field_col3"": [], ""field_date"": {""und"": [{""value"": ""14x/ins"", ""format"": ""plain_text"", ""safe_value"": ""14x/ins""}]}, ""field_folio"": {""und"": [{""value"": ""331r"", ""format"": ""plain_text"", ""safe_value"": ""331r""}]}, ""rdf_mapping"": {""uid"": {""type"": ""rel"", ""predicates"": [""sioc:has_creator""]}, ""body"": {""predicates"": [""content:encoded""]}, ""name"": {""predicates"": [""foaf:name""]}, ""title"": {""predicates"": [""dc:title""]}, ""changed"": {""callback"": ""date_iso8601"", ""datatype"": ""xsd:dateTime"", ""predicates"": [""dc:modified""]}, ""created"": {""callback"": ""date_iso8601"", ""datatype"": ""xsd:dateTime"", ""predicates"": [""dc:date"", ""dc:created""]}, ""rdftype"": [""sioc:Item"", ""foaf:Document""], ""comment_count"": {""datatype"": ""xsd:integer"", ""predicates"": [""sioc:num_replies""]}, ""last_activity"": {""callback"": ""date_iso8601"", ""datatype"": ""xsd:dateTime"", ""predicates"": [""sioc:last_activity_date""]}}, ""field_ah_vol"": {""und"": [{""value"": ""54"", ""format"": null, ""safe_value"": ""54""}]}, ""field_source"": {""und"": [{""target_id"": ""123987""}]}, ""revision_uid"": ""1"", ""field_incipit"": {""und"": [{""value"": ""Gaude mater luminis quam divini numinis"", ""format"": ""plain_text"", ""safe_value"": ""Gaude mater luminis quam divini numinis""}]}, ""field_rubrics"": {""und"": [{""value"": ""De sancta Maria"", ""format"": ""plain_text"", ""safe_value"": ""De sancta Maria""}]}, ""field_mc_genre"": {""und"": [{""tid"": ""158""}]}, ""field_cantus_id"": {""und"": [{""value"": ""ah54225"", ""format"": null, ""safe_value"": ""ah54225""}]}, ""field_siglum_chant"": {""und"": [{""value"": ""I-CF 56"", ""format"": ""plain_text"", ""safe_value"": ""I-CF 56""}]}, ""revision_timestamp"": ""1485960663"", ""field_sequence_text"": {""und"": [{""value"": ""54"", ""format"": ""plain_text"", ""safe_value"": ""54""}]}, ""field_indexing_notes"": [], ""field_analecta_hymnica"": {""und"": [{""value"": ""54:225"", ""format"": ""plain_text"", ""safe_value"": ""54:225""}]}, ""field_image_link_chant"": []}",,,,,,,,,,,,,,,,,,,,,,,,158,,123987,,,,1,,,,,,,,
630300,2023-06-09 15:41:53.604533+00,2023-07-20 16:36:08.966673+00,1,Gaude mater luminis quam divini numinis,Gaude mater luminis quam divini numinis,NL-Uu 417,23r,47,Item,54:225,,13d/rmd,,,,54,ah54225,,"{""log"": ""Created by FeedsNodeProcessor"", ""nid"": ""630300"", ""uid"": ""1"", ""vid"": ""630300"", ""data"": ""a:1:{s:7:\""contact\"";i:0;}"", ""name"": ""admin"", ""tnid"": ""0"", ""type"": ""sequence"", ""title"": ""Gaude mater luminis quam divini numinis"", ""status"": ""1"", ""sticky"": ""0"", ""changed"": ""1485960772"", ""comment"": ""0"", ""created"": ""1432593607"", ""picture"": ""0"", ""promote"": ""0"", ""language"": ""und"", ""ds_switch"": """", ""translate"": ""0"", ""field_col1"": [], ""field_col2"": [], ""field_col3"": [], ""field_date"": {""und"": [{""value"": ""13d/rmd"", ""format"": ""plain_text"", ""safe_value"": ""13d/rmd""}]}, ""field_folio"": {""und"": [{""value"": ""23r"", ""format"": ""plain_text"", ""safe_value"": ""23r""}]}, ""rdf_mapping"": {""uid"": {""type"": ""rel"", ""predicates"": [""sioc:has_creator""]}, ""body"": {""predicates"": [""content:encoded""]}, ""name"": {""predicates"": [""foaf:name""]}, ""title"": {""predicates"": [""dc:title""]}, ""changed"": {""callback"": ""date_iso8601"", ""datatype"": ""xsd:dateTime"", ""predicates"": [""dc:modified""]}, ""created"": {""callback"": ""date_iso8601"", ""datatype"": ""xsd:dateTime"", ""predicates"": [""dc:date"", ""dc:created""]}, ""rdftype"": [""sioc:Item"", ""foaf:Document""], ""comment_count"": {""datatype"": ""xsd:integer"", ""predicates"": [""sioc:num_replies""]}, ""last_activity"": {""callback"": ""date_iso8601"", ""datatype"": ""xsd:dateTime"", ""predicates"": [""sioc:last_activity_date""]}}, ""field_ah_vol"": {""und"": [{""value"": ""54"", ""format"": null, ""safe_value"": ""54""}]}, ""field_source"": {""und"": [{""target_id"": ""123964""}]}, ""revision_uid"": ""1"", ""field_incipit"": {""und"": [{""value"": ""Gaude mater luminis quam divini numinis"", ""format"": ""plain_text"", ""safe_value"": ""Gaude mater luminis quam divini numinis""}]}, ""field_rubrics"": {""und"": [{""value"": ""Item"", ""format"": ""plain_text"", ""safe_value"": ""Item""}]}, ""field_mc_genre"": {""und"": [{""tid"": ""158""}]}, ""field_cantus_id"": {""und"": [{""value"": ""ah54225"", ""format"": null, ""safe_value"": ""ah54225""}]}, ""field_siglum_chant"": {""und"": [{""value"": ""NL-Uu 417"", ""format"": ""plain_text"", ""safe_value"": ""NL-Uu 417""}]}, ""revision_timestamp"": ""1485960772"", ""field_sequence_text"": {""und"": [{""value"": ""47"", ""format"": ""plain_text"", ""safe_value"": ""47""}]}, ""field_indexing_notes"": [], ""field_analecta_hymnica"": {""und"": [{""value"": ""54:225"", ""format"": ""plain_text"", ""safe_value"": ""54:225""}]}, ""field_image_link_chant"": []}",,,,,,,,,,,,,,,,,,,,,,,,158,,123964,,,,1,,,,,,,,
634235,2023-06-09 15:50:06.422679+00,2023-07-20 16:44:09.984643+00,1,Gaude mater luminis,Gaude mater luminis,Pl-WRu IV.Q.81,388r,91,[none],54:225, cum accessu glossisque  [387v],15c,,,,54,ah54225,,"{""log"": ""Created by FeedsNodeProcessor"", ""nid"": ""634235"", ""uid"": ""1"", ""vid"": ""634235"", ""data"": ""a:1:{s:7:\""contact\"";i:0;}"", ""name"": ""admin"", ""tnid"": ""0"", ""type"": ""sequence"", ""title"": ""Gaude mater luminis"", ""status"": ""1"", ""sticky"": ""0"", ""changed"": ""1485960781"", ""comment"": ""0"", ""created"": ""1432593677"", ""picture"": ""0"", ""promote"": ""0"", ""language"": ""und"", ""ds_switch"": """", ""translate"": ""0"", ""field_col1"": [], ""field_col2"": [], ""field_col3"": [], ""field_date"": {""und"": [{""value"": ""15c"", ""format"": ""plain_text"", ""safe_value"": ""15c""}]}, ""field_folio"": {""und"": [{""value"": ""388r"", ""format"": ""plain_text"", ""safe_value"": ""388r""}]}, ""rdf_mapping"": {""uid"": {""type"": ""rel"", ""predicates"": [""sioc:has_creator""]}, ""body"": {""predicates"": [""content:encoded""]}, ""name"": {""predicates"": [""foaf:name""]}, ""title"": {""predicates"": [""dc:title""]}, ""changed"": {""callback"": ""date_iso8601"", ""datatype"": ""xsd:dateTime"", ""predicates"": [""dc:modified""]}, ""created"": {""callback"": ""date_iso8601"", ""datatype"": ""xsd:dateTime"", ""predicates"": [""dc:date"", ""dc:created""]}, ""rdftype"": [""sioc:Item"", ""foaf:Document""], ""comment_count"": {""datatype"": ""xsd:integer"", ""predicates"": [""sioc:num_replies""]}, ""last_activity"": {""callback"": ""date_iso8601"", ""datatype"": ""xsd:dateTime"", ""predicates"": [""sioc:last_activity_date""]}}, ""field_ah_vol"": {""und"": [{""value"": ""54"", ""format"": null, ""safe_value"": ""54""}]}, ""field_source"": {""und"": [{""target_id"": ""124050""}]}, ""revision_uid"": ""1"", ""field_incipit"": {""und"": [{""value"": ""Gaude mater luminis"", ""format"": ""plain_text"", ""safe_value"": ""Gaude mater luminis""}]}, ""field_rubrics"": {""und"": [{""value"": ""[none]"", ""format"": ""plain_text"", ""safe_value"": ""[none]""}]}, ""field_mc_genre"": {""und"": [{""tid"": ""158""}]}, ""field_cantus_id"": {""und"": [{""value"": ""ah54225"", ""format"": null, ""safe_value"": ""ah54225""}]}, ""field_siglum_chant"": {""und"": [{""value"": ""Pl-WRu IV.Q.81"", ""format"": ""plain_text"", ""safe_value"": ""Pl-WRu IV.Q.81""}]}, ""revision_timestamp"": ""1485960781"", ""field_sequence_text"": {""und"": [{""value"": ""91"", ""format"": ""plain_text"", ""safe_value"": ""91""}]}, ""field_indexing_notes"": {""und"": [{""value"": "" cum accessu glossisque  [387v]"", ""format"": ""plain_text"", ""safe_value"": "" cum accessu glossisque  [387v]""}]}, ""field_analecta_hymnica"": {""und"": [{""value"": ""54:225"", ""format"": ""plain_text"", ""safe_value"": ""54:225""}]}, ""field_image_link_chant"": []}",,,,,,,,,,,,,,,,,,,,,,,,158,,124050,,,,1,,,,,,,,
631443,2023-06-09 15:44:10.633997+00,2023-07-20 16:38:35.871471+00,1,Gaude mater luminis,Gaude mater luminis,SL-B EC.Lad.3/18,349v,46,Item alia [in assump. BMV],54:225,,14b/dd,,,,54,ah54225,,"{""log"": ""Created by FeedsNodeProcessor"", ""nid"": ""631443"", ""uid"": ""1"", ""vid"": ""631443"", ""data"": ""a:1:{s:7:\""contact\"";i:0;}"", ""name"": ""admin"", ""tnid"": ""0"", ""type"": ""sequence"", ""title"": ""Gaude mater luminis"", ""status"": ""1"", ""sticky"": ""0"", ""changed"": ""1485960783"", ""comment"": ""0"", ""created"": ""1432593627"", ""picture"": ""0"", ""promote"": ""0"", ""language"": ""und"", ""ds_switch"": """", ""translate"": ""0"", ""field_col1"": [], ""field_col2"": [], ""field_col3"": [], ""field_date"": {""und"": [{""value"": ""14b/dd"", ""format"": ""plain_text"", ""safe_value"": ""14b/dd""}]}, ""field_folio"": {""und"": [{""value"": ""349v"", ""format"": ""plain_text"", ""safe_value"": ""349v""}]}, ""rdf_mapping"": {""uid"": {""type"": ""rel"", ""predicates"": [""sioc:has_creator""]}, ""body"": {""predicates"": [""content:encoded""]}, ""name"": {""predicates"": [""foaf:name""]}, ""title"": {""predicates"": [""dc:title""]}, ""changed"": {""callback"": ""date_iso8601"", ""datatype"": ""xsd:dateTime"", ""predicates"": [""dc:modified""]}, ""created"": {""callback"": ""date_iso8601"", ""datatype"": ""xsd:dateTime"", ""predicates"": [""dc:date"", ""dc:created""]}, ""rdftype"": [""sioc:Item"", ""foaf:Document""], ""comment_count"": {""datatype"": ""xsd:integer"", ""predicates"": [""sioc:num_replies""]}, ""last_activity"": {""callback"": ""date_iso8601"", ""datatype"": ""xsd:dateTime"", ""predicates"": [""sioc:last_activity_date""]}}, ""field_ah_vol"": {""und"": [{""value"": ""54"", ""format"": null, ""safe_value"": ""54""}]}, ""field_source"": {""und"": [{""target_id"": ""124103""}]}, ""revision_uid"": ""1"", ""field_incipit"": {""und"": [{""value"": ""Gaude mater luminis"", ""format"": ""plain_text"", ""safe_value"": ""Gaude mater luminis""}]}, ""field_rubrics"": {""und"": [{""value"": ""Item alia [in assump. BMV]"", ""format"": ""plain_text"", ""safe_value"": ""Item alia [in assump. BMV]""}]}, ""field_mc_genre"": {""und"": [{""tid"": ""158""}]}, ""field_cantus_id"": {""und"": [{""value"": ""ah54225"", ""format"": null, ""safe_value"": ""ah54225""}]}, ""field_siglum_chant"": {""und"": [{""value"": ""SL-B EC.Lad.3/18"", ""format"": ""plain_text"", ""safe_value"": ""SL-B EC.Lad.3/18""}]}, ""revision_timestamp"": ""1485960783"", ""field_sequence_text"": {""und"": [{""value"": ""46"", ""format"": ""plain_text"", ""safe_value"": ""46""}]}, ""field_indexing_notes"": [], ""field_analecta_hymnica"": {""und"": [{""value"": ""54:225"", ""format"": ""plain_text"", ""safe_value"": ""54:225""}]}, ""field_image_link_chant"": []}",,,,,,,,,,,,,,,,,,,,,,,,158,,124103,,,,1,,,,,,,,
