col1,col2,col3,col4,col5,col6,col7,col8,col9,col10,col11,col12,col13,col14,col15,col16,col17,col18,col19,col20,col21,col22,col23,col24,col25,col26,col27,col28,col29,col30,col31,col32,col33,col34,col35,col36,col37,col38,col39,col40,col41
247356,,Libera me domine de morte ,356r,156,123610,007091,https://unipub.uni-graz.at/obvugrscript/content/pageview/6705718,4153,3.3,1975,?,Libera me domine de morte aeterna in die illa tremenda quando caeli movendi sunt et terra,Libera me domine de morte eterna in die illa tremenda quando celi movendi sunt et terra,,"'29':40A '38/8':42A 'aeterna':27A 'caeli':33A 'celi':17A 'de':4A,9A,25A 'defuncti':46B 'die':13A,29A 'domin':3A,8A,24A 'et':20A,36A 'eterna':11A 'f':43A 'graz':38A 'illa':14A,30A 'libera':1A,6A,22A 'm':47B 'mort':5A,10A,26A 'movendi':18A,34A 'olim':41A 'pro':45B 'quando':16A,32A 'r':44B 'sunt':19A,35A 'terra':21A,37A 'tremenda':15A,31A 'universitätsbibliothek':39A",156,2023-06-07 20:15:20.410148+00,2023-06-07 20:15:20.410152+00,,,R,Responsory,Office,123610,2,29 (olim 38/8 f.),2,Universitätsbibliothek,A-Gu,Graz,4153,2020-06-18 19:20:24.024+00,2020-06-18 19:20:24.026+00,,,M,Matins,1975,Pro defunctis,Chants for the Dead
247357,,Judex clementissime in regnum tuum,356v,161,123610,007091zg,https://unipub.uni-graz.at/obvugrscript/content/pageview/6705719,4153,01,1975,?,Judex clementissime in regnum tuum suscipe eas quas pretioso sanguine dignatus es redimere,Iudex clementissime in regnum tuum suscipe eas quem precioso sanguine dignatus es redimere | Quam,,"'29':35A '38/8':37A 'clementissim':2A,7A,21A 'defuncti':41B 'dignatus':16A,30A 'ea':12A,26A 'es':17A,31A 'f':38A 'graz':33A 'iudex':6A 'judex':1A,20A 'm':42B 'olim':36A 'precioso':14A 'pretioso':28A 'pro':40B 'qua':27A 'quam':19A 'quem':13A 'redimer':18A,32A 'regnum':4A,9A,23A 'sanguin':15A,29A 'suscip':11A,25A 'tuum':5A,10A,24A 'universitätsbibliothek':34A 'v':39B",161,2023-06-07 20:15:20.417915+00,2023-06-07 20:15:20.417919+00,,,V,Responsory verse,Office,123610,2,29 (olim 38/8 f.),2,Universitätsbibliothek,A-Gu,Graz,4153,2020-06-18 19:20:24.024+00,2020-06-18 19:20:24.026+00,,,M,Matins,1975,Pro defunctis,Chants for the Dead
247358,,Dies illa dies irae calamitatis ,356v,161,123610,007091g,https://unipub.uni-graz.at/obvugrscript/content/pageview/6705719,4153,02,1975,?,Dies illa dies irae calamitatis et miseriae dies magna et amara valde,Dies illa dies irae calamitatis et miserie dies magna et amara valde | Quorum,,"'29':33A '38/8':35A 'amara':16A,29A 'calamitati':5A,10A,23A 'defuncti':39B 'die':1A,3A,6A,8A,13A,19A,21A,26A 'et':11A,15A,24A,28A 'f':36A 'graz':31A 'illa':2A,7A,20A 'ira':4A,9A,22A 'm':40B 'magna':14A,27A 'miseri':12A 'miseria':25A 'olim':34A 'pro':38B 'quorum':18A 'universitätsbibliothek':32A 'v':37B 'vald':17A,30A",161,2023-06-07 20:15:20.417915+00,2023-06-07 20:15:20.417919+00,,,V,Responsory verse,Office,123610,2,29 (olim 38/8 f.),2,Universitätsbibliothek,A-Gu,Graz,4153,2020-06-18 19:20:24.024+00,2020-06-18 19:20:24.026+00,,,M,Matins,1975,Pro defunctis,Chants for the Dead
247359,,Christe te deprecor miserere pro ,356v,161,123610,007091zo,https://unipub.uni-graz.at/obvugrscript/content/pageview/6705719,4153,03,1975,?,Christe te deprecor miserere pro qui venisti redimere perditos veni salvare ,Criste te deprecor miserere pro qui venisti redimere perditos veni salvare | Dum venerit,,"'29':32A '38/8':34A 'christ':1A,19A 'crist':6A 'defuncti':38B 'deprecor':3A,8A,21A 'dum':17A 'f':35A 'graz':30A 'm':39B 'miserer':4A,9A,22A 'olim':33A 'perdito':14A,27A 'pro':5A,10A,23A,37B 'qui':11A,24A 'redimer':13A,26A 'salvar':16A,29A 'te':2A,7A,20A 'universitätsbibliothek':31A 'v':36B 'venerit':18A 'veni':15A,28A 'venisti':12A,25A",161,2023-06-07 20:15:20.417915+00,2023-06-07 20:15:20.417919+00,,,V,Responsory verse,Office,123610,2,29 (olim 38/8 f.),2,Universitätsbibliothek,A-Gu,Graz,4153,2020-06-18 19:20:24.024+00,2020-06-18 19:20:24.026+00,,,M,Matins,1975,Pro defunctis,Chants for the Dead
247360,,Deus vitam viventium spes morientium ,356v,161,123610,007091zp,https://unipub.uni-graz.at/obvugrscript/content/pageview/6705719,4153,04,1975,?,Deus vitam viventium spes morientium salus quoque omnium in te sperantium miserere omnium ex hac luce mi grantium,Deus vitam viventium spes morientium salus quoque omnium in te sperancium miserere omnium ex hac luce mi grantium | In die,,"'29':46A '38/8':48A 'defuncti':52B 'deus':1A,6A,26A 'die':25A 'ex':19A,39A 'f':49A 'grantium':23A,43A 'graz':44A 'hac':20A,40A 'luce':21A,41A 'm':53B 'mi':22A,42A 'miserer':17A,37A 'morientium':5A,10A,30A 'olim':47A 'omnium':13A,18A,33A,38A 'pro':51B 'quoqu':12A,32A 'salus':11A,31A 'sperancium':16A 'sperantium':36A 'spes':4A,9A,29A 'te':15A,35A 'universitätsbibliothek':45A 'v':50B 'vitam':2A,7A,27A 'viventium':3A,8A,28A",161,2023-06-07 20:15:20.417915+00,2023-06-07 20:15:20.417919+00,,,V,Responsory verse,Office,123610,2,29 (olim 38/8 f.),2,Universitätsbibliothek,A-Gu,Graz,4153,2020-06-18 19:20:24.024+00,2020-06-18 19:20:24.026+00,,,M,Matins,1975,Pro defunctis,Chants for the Dead
247361,,Creator omnium rerum deus qui ,357r,161,123610,007091d,https://unipub.uni-graz.at/obvugrscript/content/pageview/6705720,4153,05,1975,?,Creator omnium rerum deus qui me de limo terrae formasti et mirabiliter proprio sanguine redemisti corpusque meum licet modo putrescat de sepulcro facias in die judicii resuscitari exaudi exaudi me ut animam meam in sinu Abrahae patriarchae tui jubeas collocari,Creator omnium rerum deus qui me de limo terre formasti et mirabiliter proprio sanguine redemisti corpusque meum licet modo putrescat de sepulchro facias in die iudicii resuscitari exaudi exaudi exaudi nos et animam famuli tuimeam in sinum abrahe patriarche tui iubeas collocari | In die illa,,"'29':93A '38/8':95A 'abrah':43A 'abraha':86A 'animam':38A,82A 'collocari':47A,90A 'corpusqu':21A,66A 'creator':1A,6A,51A 'de':12A,26A,57A,71A 'defuncti':99B 'deus':4A,9A,54A 'die':30A,49A,75A 'et':16A,37A,61A 'exaudi':33A,34A,35A,78A,79A 'f':96A 'facia':28A,73A 'famuli':39A 'formasti':15A,60A 'graz':91A 'illa':50A 'iubea':46A 'iudicii':31A 'jubea':89A 'judicii':76A 'licet':23A,68A 'limo':13A,58A 'm':100B 'meam':83A 'meum':22A,67A 'mirabilit':17A,62A 'modo':24A,69A 'nos':36A 'olim':94A 'omnium':2A,7A,52A 'patriarch':44A 'patriarcha':87A 'pro':98B 'proprio':18A,63A 'putrescat':25A,70A 'qui':5A,10A,55A 'redemisti':20A,65A 'rerum':3A,8A,53A 'resuscitari':32A,77A 'sanguin':19A,64A 'sepulchro':27A 'sepulcro':72A 'sinu':85A 'sinum':42A 'terr':14A 'terra':59A 'tui':45A,88A 'tuimeam':40A 'universitätsbibliothek':92A 'ut':81A 'v':97B",161,2023-06-07 20:15:20.417915+00,2023-06-07 20:15:20.417919+00,,,V,Responsory verse,Office,123610,2,29 (olim 38/8 f.),2,Universitätsbibliothek,A-Gu,Graz,4153,2020-06-18 19:20:24.024+00,2020-06-18 19:20:24.026+00,,,M,Matins,1975,Pro defunctis,Chants for the Dead
247362,,Fletus et stridor dentium (...),357r,161,123610,007091zr,https://unipub.uni-graz.at/obvugrscript/content/pageview/6705720,4153,06,1975,?,Fletus et stridor dentium (...),Fletus et stridor dencium (...),,"'29':15A '38/8':17A 'defuncti':21B 'dencium':8A 'dentium':4A,12A 'et':2A,6A,10A 'f':18A 'fletus':1A,5A,9A 'graz':13A 'm':22B 'olim':16A 'pro':20B 'stridor':3A,7A,11A 'universitätsbibliothek':14A 'v':19B",161,2023-06-07 20:15:20.417915+00,2023-06-07 20:15:20.417919+00,,,V,Responsory verse,Office,123610,2,29 (olim 38/8 f.),2,Universitätsbibliothek,A-Gu,Graz,4153,2020-06-18 19:20:24.024+00,2020-06-18 19:20:24.026+00,,,M,Matins,1975,Pro defunctis,Chants for the Dead
247363,,Hujus mundi decus et gloria ,358r,161,123610,007091zt,https://unipub.uni-graz.at/obvugrscript/content/pageview/6705722,4153,07,1975,?,Hujus mundi decus et gloria quam sit falsa quam transitoria contestantur haec temporalia non in uno statu manentia nihil enim regalis dignitas nihil valet corporis quantitas nil arcum valet profunditas nihil valet carnis jucunditas nullum salvat genus nec species nulli prodest auri congeries transit enim rerum materies ut liquescit ...,Huius mundi decus et gloria quam sit falsa quam transitoria contestantur hec temporalia non in uno statu manencia Nichil enim regalis dignitas nichil valet corporis quantitas nil arcum valet profunditas nichil valet carnis iocunditas Nullum salvat genus nec species nulli prodest auri congeries Transit enim rerum materies ut liquescit ...,,"'29':106A '38/8':108A 'arcum':33A,82A 'auri':47A,96A 'carni':38A,87A 'congeri':48A,97A 'contestantur':16A,65A 'corpori':30A,79A 'decus':3A,8A,57A 'defuncti':112B 'dignita':27A,76A 'enim':25A,50A,74A,99A 'et':4A,9A,58A 'f':109A 'falsa':13A,62A 'genus':42A,91A 'gloria':5A,10A,59A 'graz':104A 'haec':66A 'hec':17A 'huius':6A 'hujus':1A,55A 'iocundita':39A 'jucundita':88A 'liquescit':54A,103A 'm':113B 'manencia':23A 'manentia':72A 'materi':52A,101A 'mundi':2A,7A,56A 'nec':43A,92A 'nichil':24A,28A,36A 'nihil':73A,77A,85A 'nil':32A,81A 'non':19A,68A 'nulli':45A,94A 'nullum':40A,89A 'olim':107A 'pro':111B 'prodest':46A,95A 'profundita':35A,84A 'quam':11A,14A,60A,63A 'quantita':31A,80A 'regali':26A,75A 'rerum':51A,100A 'salvat':41A,90A 'sit':12A,61A 'speci':44A,93A 'statu':22A,71A 'temporalia':18A,67A 'transit':49A,98A 'transitoria':15A,64A 'universitätsbibliothek':105A 'uno':21A,70A 'ut':53A,102A 'v':110B 'valet':29A,34A,37A,78A,83A,86A",161,2023-06-07 20:15:20.417915+00,2023-06-07 20:15:20.417919+00,,,V,Responsory verse,Office,123610,2,29 (olim 38/8 f.),2,Universitätsbibliothek,A-Gu,Graz,4153,2020-06-18 19:20:24.024+00,2020-06-18 19:20:24.026+00,,,M,Matins,1975,Pro defunctis,Chants for the Dead
247365,,Virgo dei genetrix stella maris ,359v,161,123610,007091zx,https://unipub.uni-graz.at/obvugrscript/content/pageview/6705725,4153,09,1975,?,Virgo dei genetrix stella maris Maria preces emitte atque fidelibus veniam deprecare,Virgo dei genitrix stella maris maria preces emitte atque fidelibus veniam deprecare,,"'29':32A '38/8':34A 'atqu':14A,26A 'defuncti':38B 'dei':2A,7A,19A 'deprecar':17A,29A 'emitt':13A,25A 'f':35A 'fidelibus':15A,27A 'genetrix':3A,20A 'genitrix':8A 'graz':30A 'm':39B 'mari':5A,10A,22A 'maria':11A,23A 'olim':33A 'prece':12A,24A 'pro':37B 'stella':4A,9A,21A 'universitätsbibliothek':31A 'v':36B 'veniam':16A,28A 'virgo':1A,6A,18A",161,2023-06-07 20:15:20.417915+00,2023-06-07 20:15:20.417919+00,,,V,Responsory verse,Office,123610,2,29 (olim 38/8 f.),2,Universitätsbibliothek,A-Gu,Graz,4153,2020-06-18 19:20:24.024+00,2020-06-18 19:20:24.026+00,,,M,Matins,1975,Pro defunctis,Chants for the Dead
247367,,Aurum et argentum non liberabit ,359v,161,123610,007091zaa,https://unipub.uni-graz.at/obvugrscript/content/pageview/6705725,4153,11,1975,?,Aurum et argentum non liberabit vos ab igne terribili vestes et deliciae in condemnationem ibi erunt non liberabit frater proprium fratrem nec pater filium suum sed quisque stabit in ordine suo tam in vita quam in incendio,Aurum et argentum non liberabit vos ab igne terribili vestes et delicie in condempnationem ibi erunt non liberabit frater proprium fratrem nec pater filium suum sed quisque stabit in ordine suo tam in vita quam in incendio,,"'29':82A '38/8':84A 'ab':12A,49A 'argentum':3A,8A,45A 'aurum':1A,6A,43A 'condemnationem':56A 'condempnationem':19A 'defuncti':88B 'delici':17A 'delicia':54A 'erunt':21A,58A 'et':2A,7A,16A,44A,53A 'f':85A 'filium':29A,66A 'frater':24A,61A 'fratrem':26A,63A 'graz':80A 'ibi':20A,57A 'ign':13A,50A 'incendio':42A,79A 'liberabit':5A,10A,23A,47A,60A 'm':89B 'nec':27A,64A 'non':4A,9A,22A,46A,59A 'olim':83A 'ordin':35A,72A 'pater':28A,65A 'pro':87B 'proprium':25A,62A 'quam':40A,77A 'quisqu':32A,69A 'sed':31A,68A 'stabit':33A,70A 'suo':36A,73A 'suum':30A,67A 'tam':37A,74A 'terribili':14A,51A 'universitätsbibliothek':81A 'v':86B 'vest':15A,52A 'vita':39A,76A 'vos':11A,48A",161,2023-06-07 20:15:20.417915+00,2023-06-07 20:15:20.417919+00,,,V,Responsory verse,Office,123610,2,29 (olim 38/8 f.),2,Universitätsbibliothek,A-Gu,Graz,4153,2020-06-18 19:20:24.024+00,2020-06-18 19:20:24.026+00,,,M,Matins,1975,Pro defunctis,Chants for the Dead
294818,,Absolve domine animas eorum ab,240v,156,123616,600017,http://manuscripta.at/diglit/AT5000-1018/0485,4153,6,1975,?,Absolve domine animas eorum ab omni vinculo delictorum non eas tormentum mortis attingat non reorum cathena constringat sed miseratio tua in pacis eas ac lucis regione constituat,Absolve domine animas eorum ab omni vinculo delictorum | non eas tormentum mortis attingat non reorum cathena constringat sed miseracio tua in pacis eas ac lucis regione con{stituat},1---cd--efg7--h---fe--fgf--g---ghijkl--kjhg--j---h--ghjg--g---gh---hG--fdfh---gE7--d--c---dfed--fedf--cdc--c---3---cdf---fc--d---cdcB--bcb--b---cdef--dc---df7--c--c---c---e--f--g---gh--fhijk-kjhgf--j---hG--g--g77---ggfede---c--e--g--f--gh---f--f---ef---g--fe---d--e---f---dc--b---c7--df--c--c---cdcb-dfed-fg-hg-gfed--efg-gfedc-cA---6------6---4,"'1018':67A 'ab':5A,10A,38A 'absolv':1A,6A,34A 'ac':29A,57A 'anima':3A,8A,36A 'attingat':18A,46A 'augustin':63A 'augustiner-chorherrenstift':62A 'bibliothek':65A 'cathena':21A,49A 'ccl':66A 'chorherrenstift':64A 'con':32A 'constituat':60A 'constringat':22A,50A 'defuncti':70B 'delictorum':13A,41A 'domin':2A,7A,35A 'ea':15A,28A,43A,56A 'eorum':4A,9A,37A 'klosterneuburg':61A 'luci':30A,58A 'm':71B 'miseracio':24A 'miseratio':52A 'morti':17A,45A 'non':14A,19A,42A,47A 'omni':11A,39A 'paci':27A,55A 'pro':69B 'r':68B 'region':31A,59A 'reorum':20A,48A 'sed':23A,51A 'stituat':33A 'tormentum':16A,44A 'tua':25A,53A 'vinculo':12A,40A",156,2023-06-07 20:15:20.410148+00,2023-06-07 20:15:20.410152+00,,,R,Responsory,Office,123616,3,CCl 1018,3,Augustiner-Chorherrenstift - Bibliothek,A-KN,Klosterneuburg,4153,2020-06-18 19:20:24.024+00,2020-06-18 19:20:24.026+00,,,M,Matins,1975,Pro defunctis,Chants for the Dead
294819,,Sique illis sint domine digne,241r,161,123616,600017a,http://manuscripta.at/diglit/AT5000-1018/0486,4153,01,1975,?,Sique illis sint domine digne cruciatibus culpae tu eas gratia lenitatis indulge,Sique illis sint domine digne cruciatibus culpe tu eas gracia lenitatis indulge | ~Non eas,1---fd--fg---g--fg7---g---ij--h--f---h--j---k--j--jh--gf--jjh---g--g---j---hg--f7---g--fe--dcb---c--df--fdefe--dc---dfD--c--c---3---6------6---3,"'1018':38A 'augustin':34A 'augustiner-chorherrenstift':33A 'bibliothek':36A 'ccl':37A 'chorherrenstift':35A 'cruciatibus':11A,25A 'culp':12A 'culpa':26A 'defuncti':41B 'dign':5A,10A,24A 'domin':4A,9A,23A 'ea':14A,19A,28A 'gracia':15A 'gratia':29A 'illi':2A,7A,21A 'indulg':17A,31A 'klosterneuburg':32A 'lenitati':16A,30A 'm':42B 'non':18A 'pro':40B 'sint':3A,8A,22A 'siqu':1A,6A,20A 'tu':13A,27A 'v':39B",161,2023-06-07 20:15:20.417915+00,2023-06-07 20:15:20.417919+00,,,V,Responsory verse,Office,123616,3,CCl 1018,3,Augustiner-Chorherrenstift - Bibliothek,A-KN,Klosterneuburg,4153,2020-06-18 19:20:24.024+00,2020-06-18 19:20:24.026+00,,,M,Matins,1975,Pro defunctis,Chants for the Dead
300003,,Libera me domine de viis,242r,156,123654,007092,http://www.ksbm.oeaw.ac.at/images/AT/5000/AT5000-1011/AT5000-1011_242r.jpg,4153,8,1975,?,Libera me domine de viis inferni qui portas aereas confregisti et visitasti infernum et dedisti eis lumen ut viderent te qui erant in poenis tenebrarum,Libera me domine de viis inferni qui portas ereas confregisti et visitasti infernum et dedisti eis lumen ut viderent te qui erant in penis tenebrarum,,"'1011':62A 'aerea':39A 'augustin':58A 'augustiner-chorherrenstift':57A 'bibliothek':60A 'ccl':61A 'chorherrenstift':59A 'confregisti':15A,40A 'de':4A,9A,34A 'dedisti':20A,45A 'defuncti':65B 'domin':3A,8A,33A 'ei':21A,46A 'erant':27A,52A 'erea':14A 'et':16A,19A,41A,44A 'inferni':11A,36A 'infernum':18A,43A 'klosterneuburg':56A 'libera':1A,6A,31A 'lumen':22A,47A 'm':66B 'peni':29A 'poeni':54A 'porta':13A,38A 'pro':64B 'qui':12A,26A,37A,51A 'r':63B 'te':25A,50A 'tenebrarum':30A,55A 'ut':23A,48A 'vider':24A,49A 'vii':5A,10A,35A 'visitasti':17A,42A",156,2023-06-07 20:15:20.410148+00,2023-06-07 20:15:20.410152+00,,,R,Responsory,Office,123654,3,CCl 1011,3,Augustiner-Chorherrenstift - Bibliothek,A-KN,Klosterneuburg,4153,2020-06-18 19:20:24.024+00,2020-06-18 19:20:24.026+00,,,M,Matins,1975,Pro defunctis,Chants for the Dead
300004,,Clamantes et dicentes advenisti redemptor,242r,161,123654,007092a,http://www.ksbm.oeaw.ac.at/images/AT/5000/AT5000-1011/AT5000-1011_242r.jpg,4153,01,1975,?,Clamantes et dicentes advenisti redemptor noster,Clamantes et dicentes advenisti redemptor noster,,"'1011':22A 'advenisti':7A,13A 'augustin':18A 'augustiner-chorherrenstift':17A 'bibliothek':20A 'ccl':21A 'chorherrenstift':19A 'clamant':1A,4A,10A 'defuncti':25B 'dicent':3A,6A,12A 'et':2A,5A,11A 'klosterneuburg':16A 'm':26B 'noster':9A,15A 'pro':24B 'redemptor':8A,14A 'v':23B",161,2023-06-07 20:15:20.417915+00,2023-06-07 20:15:20.417919+00,,,V,Responsory verse,Office,123654,3,CCl 1011,3,Augustiner-Chorherrenstift - Bibliothek,A-KN,Klosterneuburg,4153,2020-06-18 19:20:24.024+00,2020-06-18 19:20:24.026+00,,,M,Matins,1975,Pro defunctis,Chants for the Dead
300007,,Putasne mortuus homo rursum vivat,242v,156,123654,601919,http://www.ksbm.oeaw.ac.at/images/AT/5000/AT5000-1011/AT5000-1011_243v.jpg,4153,10,1975,?,Putasne mortuus homo rursum vivat cunctis diebus quibus nunc milito exspecto donec veniat immutatio mea,Putasne mortuus homo rursum vivat cunctis diebus quibus nunc milito exspecto donec veniat inmutacio mea,,"'1011':41A 'augustin':37A 'augustiner-chorherrenstift':36A 'bibliothek':39A 'ccl':40A 'chorherrenstift':38A 'cuncti':10A,25A 'defuncti':44B 'diebus':11A,26A 'donec':16A,31A 'exspecto':15A,30A 'homo':3A,7A,22A 'immutatio':33A 'inmutacio':18A 'klosterneuburg':35A 'm':45B 'mea':19A,34A 'milito':14A,29A 'mortuus':2A,6A,21A 'nunc':13A,28A 'pro':43B 'putasn':1A,5A,20A 'quibus':12A,27A 'r':42B 'rursum':4A,8A,23A 'veniat':17A,32A 'vivat':9A,24A",156,2023-06-07 20:15:20.410148+00,2023-06-07 20:15:20.410152+00,,,R,Responsory,Office,123654,3,CCl 1011,3,Augustiner-Chorherrenstift - Bibliothek,A-KN,Klosterneuburg,4153,2020-06-18 19:20:24.024+00,2020-06-18 19:20:24.026+00,,,M,Matins,1975,Pro defunctis,Chants for the Dead
300008,,Ecce in pulvere sedeo et,242v,161,123654,601919a,http://www.ksbm.oeaw.ac.at/images/AT/5000/AT5000-1011/AT5000-1011_243v.jpg,4153,01,1975,?,Ecce in pulvere sedeo et in pulvere dormio et si mane me quaesieris non subsistam,Ecce in pulvere sedeo et in pulvere dormio et si mane me quesieris non subsistam,,"'1011':43A 'augustin':39A 'augustiner-chorherrenstift':38A 'bibliothek':41A 'ccl':42A 'chorherrenstift':40A 'defuncti':46B 'dormio':14A,29A 'ecc':1A,7A,22A 'et':5A,11A,15A,26A,30A 'klosterneuburg':37A 'm':47B 'mane':17A,32A 'non':20A,35A 'pro':45B 'pulver':3A,9A,13A,24A,28A 'quaesieri':34A 'quesieri':19A 'sedeo':4A,10A,25A 'si':16A,31A 'subsistam':21A,36A 'v':44B",161,2023-06-07 20:15:20.417915+00,2023-06-07 20:15:20.417919+00,,,V,Responsory verse,Office,123654,3,CCl 1011,3,Augustiner-Chorherrenstift - Bibliothek,A-KN,Klosterneuburg,4153,2020-06-18 19:20:24.024+00,2020-06-18 19:20:24.026+00,,,M,Matins,1975,Pro defunctis,Chants for the Dead
302671,,Libera me domine de viis,187r,156,123655,007092,http://manuscripta.at/diglit/AT5000-1015/0378,4153,8,1975,?,,,,'1015':11A 'augustin':8A 'augustiner-chorherrenstift':7A 'bibliothek':10A 'chorherrenstift':9A 'de':4A 'defuncti':14B 'domin':3A 'klosterneuburg':6A 'libera':1A 'm':15B 'pro':13B 'r':12B 'vii':5A,156,2023-06-07 20:15:20.410148+00,2023-06-07 20:15:20.410152+00,,,R,Responsory,Office,123655,3,CCl 1015,3,Augustiner-Chorherrenstift - Bibliothek,A-KN,Klosterneuburg,4153,2020-06-18 19:20:24.024+00,2020-06-18 19:20:24.026+00,,,M,Matins,1975,Pro defunctis,Chants for the Dead
302672,,Clamantes et dicentes,187r,161,123655,007092a,http://manuscripta.at/diglit/AT5000-1015/0378,4153,01,1975,?,,,,'1015':9A 'augustin':6A 'augustiner-chorherrenstift':5A 'bibliothek':8A 'chorherrenstift':7A 'clamant':1A 'defuncti':12B 'dicent':3A 'et':2A 'klosterneuburg':4A 'm':13B 'pro':11B 'v':10B,161,2023-06-07 20:15:20.417915+00,2023-06-07 20:15:20.417919+00,,,V,Responsory verse,Office,123655,3,CCl 1015,3,Augustiner-Chorherrenstift - Bibliothek,A-KN,Klosterneuburg,4153,2020-06-18 19:20:24.024+00,2020-06-18 19:20:24.026+00,,,M,Matins,1975,Pro defunctis,Chants for the Dead
302675,,Putasne mortuus homo rursum,187r,156,123655,601919,http://manuscripta.at/diglit/AT5000-1015/0378,4153,10,1975,?,,,,'1015':10A 'augustin':7A 'augustiner-chorherrenstift':6A 'bibliothek':9A 'chorherrenstift':8A 'defuncti':13B 'homo':3A 'klosterneuburg':5A 'm':14B 'mortuus':2A 'pro':12B 'putasn':1A 'r':11B 'rursum':4A,156,2023-06-07 20:15:20.410148+00,2023-06-07 20:15:20.410152+00,,,R,Responsory,Office,123655,3,CCl 1015,3,Augustiner-Chorherrenstift - Bibliothek,A-KN,Klosterneuburg,4153,2020-06-18 19:20:24.024+00,2020-06-18 19:20:24.026+00,,,M,Matins,1975,Pro defunctis,Chants for the Dead
302676,,Ecce in pulvere sedeo et ,187v,161,123655,601919a,http://manuscripta.at/diglit/AT5000-1015/0379,4153,01,1975,?,,,,'1015':11A 'augustin':8A 'augustiner-chorherrenstift':7A 'bibliothek':10A 'chorherrenstift':9A 'defuncti':14B 'ecc':1A 'et':5A 'klosterneuburg':6A 'm':15B 'pro':13B 'pulver':3A 'sedeo':4A 'v':12B,161,2023-06-07 20:15:20.417915+00,2023-06-07 20:15:20.417919+00,,,V,Responsory verse,Office,123655,3,CCl 1015,3,Augustiner-Chorherrenstift - Bibliothek,A-KN,Klosterneuburg,4153,2020-06-18 19:20:24.024+00,2020-06-18 19:20:24.026+00,,,M,Matins,1975,Pro defunctis,Chants for the Dead
305565,,Absolve domine animas eorum,155r,156,123656,600017,http://manuscripta.at/diglit/AT5000-589/0315,4153,6,1975,?,,,,'589':11A 'absolv':1A 'anima':3A 'augustin':7A 'augustiner-chorherrenstift':6A 'bibliothek':9A 'ccl':10A 'chorherrenstift':8A 'defuncti':14B 'domin':2A 'eorum':4A 'klosterneuburg':5A 'm':15B 'pro':13B 'r':12B,156,2023-06-07 20:15:20.410148+00,2023-06-07 20:15:20.410152+00,,,R,Responsory,Office,123656,3,CCl 589,3,Augustiner-Chorherrenstift - Bibliothek,A-KN,Klosterneuburg,4153,2020-06-18 19:20:24.024+00,2020-06-18 19:20:24.026+00,,,M,Matins,1975,Pro defunctis,Chants for the Dead
305566,,Si quae illis sint domine,155r,161,123656,600017a,http://manuscripta.at/diglit/AT5000-589/0315,4153,01,1975,?,,,,'589':12A 'augustin':8A 'augustiner-chorherrenstift':7A 'bibliothek':10A 'ccl':11A 'chorherrenstift':9A 'defuncti':15B 'domin':5A 'illi':3A 'klosterneuburg':6A 'm':16B 'pro':14B 'quae':2A 'si':1A 'sint':4A 'v':13B,161,2023-06-07 20:15:20.417915+00,2023-06-07 20:15:20.417919+00,,,V,Responsory verse,Office,123656,3,CCl 589,3,Augustiner-Chorherrenstift - Bibliothek,A-KN,Klosterneuburg,4153,2020-06-18 19:20:24.024+00,2020-06-18 19:20:24.026+00,,,M,Matins,1975,Pro defunctis,Chants for the Dead
439911,,Laudabilem virum adoremus in,185r,140,123658,100172,,4153,,1571,?,,,,'480':14A 'adoremus':3A 'augustin':8A 'augustiner-chorherrenstift':7A 'bibliothek':10A 'chorherrenstift':9A 'de':16B 'florian':6A 'laudabilem':1A 'm':18B 'musikarchiv':12A 'propheti':17B 'sankt':5A 'und':11A 'virum':2A 'xi':13A,140,2023-06-07 20:15:20.389015+00,2023-06-07 20:15:20.389019+00,,,I,Invitatory antiphon,Office,123658,7,XI 480,7,Augustiner-Chorherrenstift - Bibliothek und Musikarchiv,A-SF,Sankt Florian,4153,2020-06-18 19:20:24.024+00,2020-06-18 19:20:24.026+00,,,M,Matins,1571,De Prophetis,"Summer Histories, from the Prophets"
688822,,Requiem aeternam dona eis domine ,145r,122,678936,004617,,4153,,1975,?,Requiem aeternam dona eis domine et lux perpetua luceat eis,Requiem eternam dona eis domine et lux perpetua luceat eis,,"'0234':38A 'aeternam':2A,17A 'book':30A 'collect':33A,35A 'defuncti':41B 'domin':5A,10A,20A 'dona':3A,8A,18A 'ei':4A,9A,15A,19A,25A 'et':11A,21A 'eternam':7A 'luceat':14A,24A 'lux':12A,22A 'm':42B 'manuscript':34A 'mcgill':27A 'mediev':37A 'montréal':26A 'ms':36A 'perpetua':13A,23A 'pro':40B 'rare':29A 'requiem':1A,6A,16A 'special':32A 'univers':28A",122,2023-06-07 20:15:20.358231+00,2023-06-07 20:15:20.358245+00,,,A,Antiphon,Office,678936,26,MS Medieval 0234,26,McGill University - Rare Books and Special Collections - Manuscript Collection,CDN-Mlr,Montréal,4153,2020-06-18 19:20:24.024+00,2020-06-18 19:20:24.026+00,,,M,Matins,1975,Pro defunctis,Chants for the Dead
460456,,Regem vivorum acquiescentium dominum venite,196,140,123718,001152,http://www.e-codices.unifr.ch/en/csg/0391/196,4153,,1975,?,Regem vivorum acquiescentium dominum venite adoremus,Regem vivorum acquiescentium dominum venite adoremus,,"'391':21A 'acquiescentium':3A,8A,14A 'adoremus':11A,17A 'defuncti':24B 'dominum':4A,9A,15A 'gallen':19A 'm':25B 'pro':23B 'regem':1A,6A,12A 'sankt':18A 'stiftsbibliothek':20A 'venit':5A,10A,16A 'vivorum':2A,7A,13A",140,2023-06-07 20:15:20.389015+00,2023-06-07 20:15:20.389019+00,,,I,Invitatory antiphon,Office,123718,49,391,49,Stiftsbibliothek,CH-SGs,Sankt-Gallen,4153,2020-06-18 19:20:24.024+00,2020-06-18 19:20:24.026+00,,,M,Matins,1975,Pro defunctis,Chants for the Dead
460457,,Dirige domine deus meus in,196,122,123718,002244,http://www.e-codices.unifr.ch/en/csg/0391/196,4153,1.1,1975,?,Dirige domine deus meus in conspectu tuo viam meam,Dirige domine deus meus in conspectu tuo viam meam,,"'391':27A 'conspectu':11A,20A 'defuncti':30B 'deus':3A,8A,17A 'dirig':1A,6A,15A 'domin':2A,7A,16A 'gallen':25A 'm':31B 'meam':14A,23A 'meus':4A,9A,18A 'pro':29B 'sankt':24A 'stiftsbibliothek':26A 'tuo':12A,21A 'viam':13A,22A",122,2023-06-07 20:15:20.358231+00,2023-06-07 20:15:20.358245+00,,,A,Antiphon,Office,123718,49,391,49,Stiftsbibliothek,CH-SGs,Sankt-Gallen,4153,2020-06-18 19:20:24.024+00,2020-06-18 19:20:24.026+00,,,M,Matins,1975,Pro defunctis,Chants for the Dead
460458,,Convertere domine et eripe animam,196,122,123718,001921,http://www.e-codices.unifr.ch/en/csg/0391/196,4153,1.2,1975,?,Convertere domine et eripe animam meam quoniam non est in morte qui memor sit tui,Convertere domine et eripe animam meam quoniam non est in morte qui memor sit tui,,"'391':39A 'animam':5A,10A,25A 'converter':1A,6A,21A 'defuncti':42B 'domin':2A,7A,22A 'erip':4A,9A,24A 'est':14A,29A 'et':3A,8A,23A 'gallen':37A 'm':43B 'meam':11A,26A 'memor':18A,33A 'mort':16A,31A 'non':13A,28A 'pro':41B 'qui':17A,32A 'quoniam':12A,27A 'sankt':36A 'sit':19A,34A 'stiftsbibliothek':38A 'tui':20A,35A",122,2023-06-07 20:15:20.358231+00,2023-06-07 20:15:20.358245+00,,,A,Antiphon,Office,123718,49,391,49,Stiftsbibliothek,CH-SGs,Sankt-Gallen,4153,2020-06-18 19:20:24.024+00,2020-06-18 19:20:24.026+00,,,M,Matins,1975,Pro defunctis,Chants for the Dead
460459,,Nequando rapiat ut leo animam,196,122,123718,003875,http://www.e-codices.unifr.ch/en/csg/0391/196,4153,1.3,1975,?,Nequando rapiat ut leo animam meam dum non est qui redimat neque qui salvum faciat,Nequando rapiat ut leo animam meam dum non est qui redimat neque qui salvum faciat,,"'391':39A 'animam':5A,10A,25A 'defuncti':42B 'dum':12A,27A 'est':14A,29A 'faciat':20A,35A 'gallen':37A 'leo':4A,9A,24A 'm':43B 'meam':11A,26A 'nequ':17A,32A 'nequando':1A,6A,21A 'non':13A,28A 'pro':41B 'qui':15A,18A,30A,33A 'rapiat':2A,7A,22A 'redimat':16A,31A 'salvum':19A,34A 'sankt':36A 'stiftsbibliothek':38A 'ut':3A,8A,23A",122,2023-06-07 20:15:20.358231+00,2023-06-07 20:15:20.358245+00,,,A,Antiphon,Office,123718,49,391,49,Stiftsbibliothek,CH-SGs,Sankt-Gallen,4153,2020-06-18 19:20:24.024+00,2020-06-18 19:20:24.026+00,,,M,Matins,1975,Pro defunctis,Chants for the Dead
460467,,In loco pascuae ibi me,197,122,123718,003250,http://www.e-codices.unifr.ch/en/csg/0391/197,4153,2.1,1975,?,In loco pascuae ibi me collocavit,In loco pascuae ibi me collocavit,,"'391':21A 'collocavit':11A,17A 'defuncti':24B 'gallen':19A 'ibi':4A,9A,15A 'loco':2A,7A,13A 'm':25B 'pascua':3A,8A,14A 'pro':23B 'sankt':18A 'stiftsbibliothek':20A",122,2023-06-07 20:15:20.358231+00,2023-06-07 20:15:20.358245+00,,,A,Antiphon,Office,123718,49,391,49,Stiftsbibliothek,CH-SGs,Sankt-Gallen,4153,2020-06-18 19:20:24.024+00,2020-06-18 19:20:24.026+00,,,M,Matins,1975,Pro defunctis,Chants for the Dead
460468,,Delicta juventutis meae et ignorantias,197,122,123718,002146,http://www.e-codices.unifr.ch/en/csg/0391/197,4153,2.2,1975,?,Delicta juventutis meae et ignorantias mea ne memineris domine,Delicta iuventutis meae et ignorantias mea ne memineris domine,,"'391':27A 'defuncti':30B 'delicta':1A,6A,15A 'domin':14A,23A 'et':4A,9A,18A 'gallen':25A 'ignorantia':5A,10A,19A 'iuventuti':7A 'juventuti':2A,16A 'm':31B 'mea':11A,20A 'meae':3A,8A,17A 'memineri':13A,22A 'ne':12A,21A 'pro':29B 'sankt':24A 'stiftsbibliothek':26A",122,2023-06-07 20:15:20.358231+00,2023-06-07 20:15:20.358245+00,,,A,Antiphon,Office,123718,49,391,49,Stiftsbibliothek,CH-SGs,Sankt-Gallen,4153,2020-06-18 19:20:24.024+00,2020-06-18 19:20:24.026+00,,,M,Matins,1975,Pro defunctis,Chants for the Dead
460469,,Credo videre bona domini in,197,122,123718,001948,http://www.e-codices.unifr.ch/en/csg/0391/197,4153,2.3,1975,?,Credo videre bona domini in terra viventium,Credo videre bona domini in terra viventium,,"'391':23A 'bona':3A,8A,15A 'credo':1A,6A,13A 'defuncti':26B 'domini':4A,9A,16A 'gallen':21A 'm':27B 'pro':25B 'sankt':20A 'stiftsbibliothek':22A 'terra':11A,18A 'vider':2A,7A,14A 'viventium':12A,19A",122,2023-06-07 20:15:20.358231+00,2023-06-07 20:15:20.358245+00,,,A,Antiphon,Office,123718,49,391,49,Stiftsbibliothek,CH-SGs,Sankt-Gallen,4153,2020-06-18 19:20:24.024+00,2020-06-18 19:20:24.026+00,,,M,Matins,1975,Pro defunctis,Chants for the Dead
460477,,Anima mea exsultabit in domino,197,122,123718,001417,http://www.e-codices.unifr.ch/en/csg/0391/197,4153,3.1,1975,?,Anima mea exsultabit in domino et delectabitur in salutari suo,Anima mea exultabit in domino et delectabitur in salutari suo,,"'391':29A 'anima':1A,6A,16A 'defuncti':32B 'delectabitur':12A,22A 'domino':5A,10A,20A 'et':11A,21A 'exsultabit':3A,18A 'exultabit':8A 'gallen':27A 'm':33B 'mea':2A,7A,17A 'pro':31B 'salutari':14A,24A 'sankt':26A 'stiftsbibliothek':28A 'suo':15A,25A",122,2023-06-07 20:15:20.358231+00,2023-06-07 20:15:20.358245+00,,,A,Antiphon,Office,123718,49,391,49,Stiftsbibliothek,CH-SGs,Sankt-Gallen,4153,2020-06-18 19:20:24.024+00,2020-06-18 19:20:24.026+00,,,M,Matins,1975,Pro defunctis,Chants for the Dead
460478,,Complaceat tibi domine ut eripias,197,122,123718,001861,http://www.e-codices.unifr.ch/en/csg/0391/197,4153,3.2,1975,?,Complaceat tibi domine ut eripias me ad adjuvandum me respice,Complaceat tibi domine ut eripias me ad adiuvandum me respice,,"'391':29A 'ad':12A,22A 'adiuvandum':13A 'adjuvandum':23A 'complaceat':1A,6A,16A 'defuncti':32B 'domin':3A,8A,18A 'eripia':5A,10A,20A 'gallen':27A 'm':33B 'pro':31B 'respic':15A,25A 'sankt':26A 'stiftsbibliothek':28A 'tibi':2A,7A,17A 'ut':4A,9A,19A",122,2023-06-07 20:15:20.358231+00,2023-06-07 20:15:20.358245+00,,,A,Antiphon,Office,123718,49,391,49,Stiftsbibliothek,CH-SGs,Sankt-Gallen,4153,2020-06-18 19:20:24.024+00,2020-06-18 19:20:24.026+00,,,M,Matins,1975,Pro defunctis,Chants for the Dead
460479,,Sitivit anima mea ad deum,197,122,123718,004972,http://www.e-codices.unifr.ch/en/csg/0391/197,4153,3.3,1975,?,Sitivit anima mea ad deum vivum quando veniam et apparebo ante faciem domini,Sitivit anima mea ad deum vivum quando veniam et apparebo ante faciem domini,,"'391':35A 'ad':4A,9A,22A 'anima':2A,7A,20A 'ant':16A,29A 'apparebo':15A,28A 'defuncti':38B 'deum':5A,10A,23A 'domini':18A,31A 'et':14A,27A 'faciem':17A,30A 'gallen':33A 'm':39B 'mea':3A,8A,21A 'pro':37B 'quando':12A,25A 'sankt':32A 'sitivit':1A,6A,19A 'stiftsbibliothek':34A 'veniam':13A,26A 'vivum':11A,24A",122,2023-06-07 20:15:20.358231+00,2023-06-07 20:15:20.358245+00,,,A,Antiphon,Office,123718,49,391,49,Stiftsbibliothek,CH-SGs,Sankt-Gallen,4153,2020-06-18 19:20:24.024+00,2020-06-18 19:20:24.026+00,,,M,Matins,1975,Pro defunctis,Chants for the Dead
460483,,Libera me domine de viis,198,156,123718,007092,http://www.e-codices.unifr.ch/en/csg/0391/198,4153,3.2,1975,?,Libera me domine de viis inferni qui portas aereas confregisti et visitasti infernum et dedisti eis lumen ut viderent te qui erant in poenis tenebrarum,Libera me domine de viis inferni qui portas ereas confregisti et visitasti infernum et dedisti eis lumen ut viderent te qui erant in poenis tenebrarum,,"'391':59A 'aerea':39A 'confregisti':15A,40A 'de':4A,9A,34A 'dedisti':20A,45A 'defuncti':62B 'domin':3A,8A,33A 'ei':21A,46A 'erant':27A,52A 'erea':14A 'et':16A,19A,41A,44A 'gallen':57A 'inferni':11A,36A 'infernum':18A,43A 'libera':1A,6A,31A 'lumen':22A,47A 'm':63B 'poeni':29A,54A 'porta':13A,38A 'pro':61B 'qui':12A,26A,37A,51A 'r':60B 'sankt':56A 'stiftsbibliothek':58A 'te':25A,50A 'tenebrarum':30A,55A 'ut':23A,48A 'vider':24A,49A 'vii':5A,10A,35A 'visitasti':17A,42A",156,2023-06-07 20:15:20.410148+00,2023-06-07 20:15:20.410152+00,,,R,Responsory,Office,123718,49,391,49,Stiftsbibliothek,CH-SGs,Sankt-Gallen,4153,2020-06-18 19:20:24.024+00,2020-06-18 19:20:24.026+00,,,M,Matins,1975,Pro defunctis,Chants for the Dead
460487,,Libera me domine de morte,198,156,123718,007091,http://www.e-codices.unifr.ch/en/csg/0391/198,4153,3.4,1975,?,Libera me domine de morte aeterna in die illo tremendo quando caeli movendi sunt et terra,Libera me domine de morte aeterna in die illo tremendo quando caeli movendi sunt et terra,,"'391':41A 'aeterna':11A,27A 'caeli':17A,33A 'de':4A,9A,25A 'defuncti':44B 'die':13A,29A 'domin':3A,8A,24A 'et':20A,36A 'gallen':39A 'illo':14A,30A 'libera':1A,6A,22A 'm':45B 'mort':5A,10A,26A 'movendi':18A,34A 'pro':43B 'quando':16A,32A 'r':42B 'sankt':38A 'stiftsbibliothek':40A 'sunt':19A,35A 'terra':21A,37A 'tremendo':15A,31A",156,2023-06-07 20:15:20.410148+00,2023-06-07 20:15:20.410152+00,,,R,Responsory,Office,123718,49,391,49,Stiftsbibliothek,CH-SGs,Sankt-Gallen,4153,2020-06-18 19:20:24.024+00,2020-06-18 19:20:24.026+00,,,M,Matins,1975,Pro defunctis,Chants for the Dead
460724,,Laudabilem virum adoremus dominum quem,222,140,123718,100172,http://www.e-codices.unifr.ch/en/csg/0391/222,4153,,1571,?,Laudabilem virum adoremus dominum quem vidit sedere Ezechiel super alas seraphim,Laudabilem virum adoremus dominum quem vidit sedere ezechiel super alas seraphim,,"'391':31A 'adoremus':3A,8A,19A 'ala':15A,26A 'de':33B 'dominum':4A,9A,20A 'ezechiel':13A,24A 'gallen':29A 'laudabilem':1A,6A,17A 'm':35B 'propheti':34B 'quem':5A,10A,21A 'sankt':28A 'seder':12A,23A 'seraphim':16A,27A 'stiftsbibliothek':30A 'super':14A,25A 'vidit':11A,22A 'virum':2A,7A,18A",140,2023-06-07 20:15:20.389015+00,2023-06-07 20:15:20.389019+00,,,I,Invitatory antiphon,Office,123718,49,391,49,Stiftsbibliothek,CH-SGs,Sankt-Gallen,4153,2020-06-18 19:20:24.024+00,2020-06-18 19:20:24.026+00,,,M,Matins,1571,De Prophetis,"Summer Histories, from the Prophets"
184640,,Regem cui omnia vivunt venite,360v,140,123714,001131,,4153,,1975,?,,,,'20':13A 'aachen':6A 'aix':8A 'aix-la-chapell':7A 'chapell':10A 'cui':2A 'defuncti':16B 'domarchiv':11A 'g':12A 'la':9A 'm':17B 'omnia':3A 'pro':15B 'regem':1A 'venit':5A 'vivunt':4A,140,2023-06-07 20:15:20.389015+00,2023-06-07 20:15:20.389019+00,,,I,Invitatory antiphon,Office,123714,60,G 20,60,Domarchiv,D-AAm,Aachen (Aix-la-Chapelle),4153,2020-06-18 19:20:24.024+00,2020-06-18 19:20:24.026+00,,,M,Matins,1975,Pro defunctis,Chants for the Dead
199368,,Indicabo tibi homo quid sit,141v,156,123688,006954,https://digital.staatsbibliothek-berlin.de/werkansicht?PPN=PPN782404456&PHYSID=PHYS_0290&view=overview-toc&DMDID=DMDLOG_0002,4153,13,1571,?,,,,"'40047':13A 'berlin':6A,9A 'de':15B 'homo':3A 'indicabo':1A 'kulturbesitz':11A 'm':17B 'mus':12A 'preußisch':10A 'propheti':16B 'quid':4A 'r':14B 'sit':5A 'staatsbibliothek':7A 'tibi':2A 'zu':8A",156,2023-06-07 20:15:20.410148+00,2023-06-07 20:15:20.410152+00,,,R,Responsory,Office,123688,61,Mus. 40047,61,Staatsbibliothek Preussischer Kulturbesitz,D-B,Berlin,4153,2020-06-18 19:20:24.024+00,2020-06-18 19:20:24.026+00,,,M,Matins,1571,De Prophetis,"Summer Histories, from the Prophets"
334869,,Circumdederunt me gemitus mortis dolores,202v,140,123741,100089,https://digital.dombibliothek-koeln.de/hs/content/zoom/185361,4153,,1975,?,Circumdederunt me gemitus mortis dolores inferni circumdederunt me,Circumdederunt me gemitus mortis dolores inferni circumdederunt me | Venite exultemus domino,,"'215':31A 'circumdederunt':1A,6A,12A,17A,23A 'cologn':26A 'defuncti':34B 'diözesan':28A 'dolor':5A,10A,21A 'dombibliothek':30A 'domino':16A 'erzbischöflich':27A 'exultemus':15A 'gemitus':3A,8A,19A 'inferni':11A,22A 'köln':25A 'm':35B 'morti':4A,9A,20A 'pro':33B 'und':29A 'venit':14A",140,2023-06-07 20:15:20.389015+00,2023-06-07 20:15:20.389019+00,,,I,Invitatory antiphon,Office,123741,71,215,71,Erzbischöfliche Diözesan- und Dombibliothek,D-KNd,Köln,4153,2020-06-18 19:20:24.024+00,2020-06-18 19:20:24.026+00,,,M,Matins,1975,Pro defunctis,Chants for the Dead
334870,,Dirige domine*,202v,122,123741,002244,https://digital.dombibliothek-koeln.de/hs/content/zoom/185361,4153,1.1,1975,?,Dirige domine*,Dirige domine | ~Verba mea,,"'215':15A 'cologn':10A 'defuncti':18B 'dirig':1A,3A,7A 'diözesan':12A 'dombibliothek':14A 'domin':2A,4A,8A 'erzbischöflich':11A 'köln':9A 'm':19B 'mea':6A 'pro':17B 'und':13A 'verba':5A",122,2023-06-07 20:15:20.358231+00,2023-06-07 20:15:20.358245+00,,,A,Antiphon,Office,123741,71,215,71,Erzbischöfliche Diözesan- und Dombibliothek,D-KNd,Köln,4153,2020-06-18 19:20:24.024+00,2020-06-18 19:20:24.026+00,,,M,Matins,1975,Pro defunctis,Chants for the Dead
334871,,Convertere domine*,202v,122,123741,001921,https://digital.dombibliothek-koeln.de/hs/content/zoom/185361,4153,1.2,1975,?,Convertere domine*,Convertere domine | ~Domine nec in furore,,"'215':17A 'cologn':12A 'converter':1A,3A,9A 'defuncti':20B 'diözesan':14A 'dombibliothek':16A 'domin':2A,4A,5A,10A 'erzbischöflich':13A 'furor':8A 'köln':11A 'm':21B 'nec':6A 'pro':19B 'und':15A",122,2023-06-07 20:15:20.358231+00,2023-06-07 20:15:20.358245+00,,,A,Antiphon,Office,123741,71,215,71,Erzbischöfliche Diözesan- und Dombibliothek,D-KNd,Köln,4153,2020-06-18 19:20:24.024+00,2020-06-18 19:20:24.026+00,,,M,Matins,1975,Pro defunctis,Chants for the Dead
334872,,Nequando rapiat*,202v,122,123741,003875,https://digital.dombibliothek-koeln.de/hs/content/zoom/185361,4153,1.3,1975,?,Nequando rapiat*,Nequando rapiat | ~Domine deus meus,,"'215':16A 'cologn':11A 'defuncti':19B 'deus':6A 'diözesan':13A 'dombibliothek':15A 'domin':5A 'erzbischöflich':12A 'köln':10A 'm':20B 'meus':7A 'nequando':1A,3A,8A 'pro':18B 'rapiat':2A,4A,9A 'und':14A",122,2023-06-07 20:15:20.358231+00,2023-06-07 20:15:20.358245+00,,,A,Antiphon,Office,123741,71,215,71,Erzbischöfliche Diözesan- und Dombibliothek,D-KNd,Köln,4153,2020-06-18 19:20:24.024+00,2020-06-18 19:20:24.026+00,,,M,Matins,1975,Pro defunctis,Chants for the Dead
334876,,Rogamus te domine deus noster,203r,156,123741,007548,https://digital.dombibliothek-koeln.de/hs/content/zoom/185362,4153,1.2,1975,?,Rogamus te domine deus noster ut suscipias animas nostrorum defunctorum pro quibus sanguinem tuum fudisti recordare quia pulvis sumus et homo sicut foenum et flos agri,Rogamus te domine deus noster ut suscipias animas nostrorum defunctorum pro quibus sanguinem tuum fudisti recordare quia pulvis sumus et homo sicut fenum et flos agri,,"'215':64A 'agri':31A,57A 'anima':13A,39A 'cologn':59A 'defuncti':67B 'defunctorum':15A,41A 'deus':4A,9A,35A 'diözesan':61A 'dombibliothek':63A 'domin':3A,8A,34A 'erzbischöflich':60A 'et':25A,29A,51A,55A 'fenum':28A 'flos':30A,56A 'foenum':54A 'fudisti':20A,46A 'homo':26A,52A 'köln':58A 'm':68B 'noster':5A,10A,36A 'nostrorum':14A,40A 'pro':16A,42A,66B 'pulvi':23A,49A 'quia':22A,48A 'quibus':17A,43A 'r':65B 'recordar':21A,47A 'rogamus':1A,6A,32A 'sanguinem':18A,44A 'sicut':27A,53A 'sumus':24A,50A 'suscipia':12A,38A 'te':2A,7A,33A 'tuum':19A,45A 'und':62A 'ut':11A,37A",156,2023-06-07 20:15:20.410148+00,2023-06-07 20:15:20.410152+00,,,R,Responsory,Office,123741,71,215,71,Erzbischöfliche Diözesan- und Dombibliothek,D-KNd,Köln,4153,2020-06-18 19:20:24.024+00,2020-06-18 19:20:24.026+00,,,M,Matins,1975,Pro defunctis,Chants for the Dead
334877,,Misericors et miserator et clemens,203r,161,123741,007548a,https://digital.dombibliothek-koeln.de/hs/content/zoom/185362,4153,01,1975,?,Misericors et miserator et clemens domine,Misericors et miserator et clemens domine | Recordate,,"'215':25A 'clemen':5A,10A,17A 'cologn':20A 'defuncti':28B 'diözesan':22A 'dombibliothek':24A 'domin':11A,18A 'erzbischöflich':21A 'et':2A,4A,7A,9A,14A,16A 'köln':19A 'm':29B 'miser':3A,8A,15A 'misericor':1A,6A,13A 'pro':27B 'record':12A 'und':23A 'v':26B",161,2023-06-07 20:15:20.417915+00,2023-06-07 20:15:20.417919+00,,,V,Responsory verse,Office,123741,71,215,71,Erzbischöfliche Diözesan- und Dombibliothek,D-KNd,Köln,4153,2020-06-18 19:20:24.024+00,2020-06-18 19:20:24.026+00,,,M,Matins,1975,Pro defunctis,Chants for the Dead
334878,,Libera me domine de viis,203r,156,123741,007092,https://digital.dombibliothek-koeln.de/hs/content/zoom/185362,4153,1.3,1975,?,Libera me domine de viis inferni qui portas aereas confregisti et visitasti infernum et dedisti eis lumen ut viderent te qui erant in poenis tenebrarum,Libera me domine de viis inferni qui portas ereas confregisti et visitasti infernum et dedisti eis lumen ut viderent te qui erant in penis tenebrarum,,"'215':62A 'aerea':39A 'cologn':57A 'confregisti':15A,40A 'de':4A,9A,34A 'dedisti':20A,45A 'defuncti':65B 'diözesan':59A 'dombibliothek':61A 'domin':3A,8A,33A 'ei':21A,46A 'erant':27A,52A 'erea':14A 'erzbischöflich':58A 'et':16A,19A,41A,44A 'inferni':11A,36A 'infernum':18A,43A 'köln':56A 'libera':1A,6A,31A 'lumen':22A,47A 'm':66B 'peni':29A 'poeni':54A 'porta':13A,38A 'pro':64B 'qui':12A,26A,37A,51A 'r':63B 'te':25A,50A 'tenebrarum':30A,55A 'und':60A 'ut':23A,48A 'vider':24A,49A 'vii':5A,10A,35A 'visitasti':17A,42A",156,2023-06-07 20:15:20.410148+00,2023-06-07 20:15:20.410152+00,,,R,Responsory,Office,123741,71,215,71,Erzbischöfliche Diözesan- und Dombibliothek,D-KNd,Köln,4153,2020-06-18 19:20:24.024+00,2020-06-18 19:20:24.026+00,,,M,Matins,1975,Pro defunctis,Chants for the Dead
334879,,Clamantes et dicentes advenisti redemptor,203r,161,123741,007092a,https://digital.dombibliothek-koeln.de/hs/content/zoom/185362,4153,01,1975,?,Clamantes et dicentes advenisti redemptor noster,Clamantes et dicentes advenisti redemptor noster | Qui,,"'215':25A 'advenisti':4A,9A,16A 'clamant':1A,6A,13A 'cologn':20A 'defuncti':28B 'dicent':3A,8A,15A 'diözesan':22A 'dombibliothek':24A 'erzbischöflich':21A 'et':2A,7A,14A 'köln':19A 'm':29B 'noster':11A,18A 'pro':27B 'qui':12A 'redemptor':5A,10A,17A 'und':23A 'v':26B",161,2023-06-07 20:15:20.417915+00,2023-06-07 20:15:20.417919+00,,,V,Responsory verse,Office,123741,71,215,71,Erzbischöfliche Diözesan- und Dombibliothek,D-KNd,Köln,4153,2020-06-18 19:20:24.024+00,2020-06-18 19:20:24.026+00,,,M,Matins,1975,Pro defunctis,Chants for the Dead
334880,,In loco pascuae*,203r,122,123741,003250,https://digital.dombibliothek-koeln.de/hs/content/zoom/185362,4153,2.1,1975,?,In loco pascuae*,In loco pascue | ~Dominus regnavit,,"'215':18A 'cologn':13A 'defuncti':21B 'diözesan':15A 'dombibliothek':17A 'dominus':7A 'erzbischöflich':14A 'köln':12A 'loco':2A,5A,10A 'm':22B 'pascu':6A 'pascua':3A,11A 'pro':20B 'regnavit':8A 'und':16A",122,2023-06-07 20:15:20.358231+00,2023-06-07 20:15:20.358245+00,,,A,Antiphon,Office,123741,71,215,71,Erzbischöfliche Diözesan- und Dombibliothek,D-KNd,Köln,4153,2020-06-18 19:20:24.024+00,2020-06-18 19:20:24.026+00,,,M,Matins,1975,Pro defunctis,Chants for the Dead
334881,,Delicta juventutis*,203v,122,123741,002146,https://digital.dombibliothek-koeln.de/hs/content/zoom/185363,4153,2.2,1975,?,Delicta juventutis*,Delicta iuventutis | ~Ad te dominus lev,,"'215':17A 'ad':5A 'cologn':12A 'defuncti':20B 'delicta':1A,3A,9A 'diözesan':14A 'dombibliothek':16A 'dominus':7A 'erzbischöflich':13A 'iuventuti':4A 'juventuti':2A,10A 'köln':11A 'lev':8A 'm':21B 'pro':19B 'te':6A 'und':15A",122,2023-06-07 20:15:20.358231+00,2023-06-07 20:15:20.358245+00,,,A,Antiphon,Office,123741,71,215,71,Erzbischöfliche Diözesan- und Dombibliothek,D-KNd,Köln,4153,2020-06-18 19:20:24.024+00,2020-06-18 19:20:24.026+00,,,M,Matins,1975,Pro defunctis,Chants for the Dead
334884,,Scio enim quod redemptor meus,203v,156,123741,602181,https://digital.dombibliothek-koeln.de/hs/content/zoom/185363,4153,2.1,1975,?,Scio enim quod redemptor meus (...),Scio enim quod redemptor meus (...),,"'215':22A 'cologn':17A 'defuncti':25B 'diözesan':19A 'dombibliothek':21A 'enim':2A,7A,12A 'erzbischöflich':18A 'köln':16A 'm':26B 'meus':5A,10A,15A 'pro':24B 'quod':3A,8A,13A 'r':23B 'redemptor':4A,9A,14A 'scio':1A,6A,11A 'und':20A",156,2023-06-07 20:15:20.410148+00,2023-06-07 20:15:20.410152+00,,,R,Responsory,Office,123741,71,215,71,Erzbischöfliche Diözesan- und Dombibliothek,D-KNd,Köln,4153,2020-06-18 19:20:24.024+00,2020-06-18 19:20:24.026+00,,,M,Matins,1975,Pro defunctis,Chants for the Dead
334885,,Surgunt mortui et resurgunt qui,203v,161,123741,602181a,https://digital.dombibliothek-koeln.de/hs/content/zoom/185363,4153,01,1975,?,Surgunt mortui et resurgunt qui in monumenti sunt audient vocem filii dei et laetabuntur,Surgunt mortui et resurgunt qui in monumenti sunt audient vocem filii dei et letabuntur | Et rursum circumdent,,"'215':43A 'audient':14A,31A 'circumd':22A 'cologn':38A 'defuncti':46B 'dei':17A,34A 'diözesan':40A 'dombibliothek':42A 'erzbischöflich':39A 'et':3A,8A,18A,20A,25A,35A 'filii':16A,33A 'köln':37A 'laetabuntur':36A 'letabuntur':19A 'm':47B 'monumenti':12A,29A 'mortui':2A,7A,24A 'pro':45B 'qui':5A,10A,27A 'resurgunt':4A,9A,26A 'rursum':21A 'sunt':13A,30A 'surgunt':1A,6A,23A 'und':41A 'v':44B 'vocem':15A,32A",161,2023-06-07 20:15:20.417915+00,2023-06-07 20:15:20.417919+00,,,V,Responsory verse,Office,123741,71,215,71,Erzbischöfliche Diözesan- und Dombibliothek,D-KNd,Köln,4153,2020-06-18 19:20:24.024+00,2020-06-18 19:20:24.026+00,,,M,Matins,1975,Pro defunctis,Chants for the Dead
334886,,Ne tradas domine bestiis animas,204r,156,123741,007210,https://digital.dombibliothek-koeln.de/hs/content/zoom/185364,4153,2.2,1975,?,Ne tradas domine bestiis animas confitentes tibi et animas pauperum tuorum ne obliviscaris in finem,Ne tradas domine bestiis animas confitentes tibi et animas pauperum tuorum ne obliviscaris in finem,,"'215':42A 'anima':5A,10A,14A,25A,29A 'bestii':4A,9A,24A 'cologn':37A 'confitent':11A,26A 'defuncti':45B 'diözesan':39A 'dombibliothek':41A 'domin':3A,8A,23A 'erzbischöflich':38A 'et':13A,28A 'finem':20A,35A 'köln':36A 'm':46B 'ne':1A,6A,17A,21A,32A 'obliviscari':18A,33A 'pauperum':15A,30A 'pro':44B 'r':43B 'tibi':12A,27A 'trada':2A,7A,22A 'tuorum':16A,31A 'und':40A",156,2023-06-07 20:15:20.410148+00,2023-06-07 20:15:20.410152+00,,,R,Responsory,Office,123741,71,215,71,Erzbischöfliche Diözesan- und Dombibliothek,D-KNd,Köln,4153,2020-06-18 19:20:24.024+00,2020-06-18 19:20:24.026+00,,,M,Matins,1975,Pro defunctis,Chants for the Dead
334887,,Memorare quae sit nostra substantia,204r,161,123741,007210a,https://digital.dombibliothek-koeln.de/hs/content/zoom/185364,4153,01,1975,?,Memorare quae sit nostra substantia domine et quia non vane constituisti omnes filios hominum,Memorare que sit nostra substantia domine et quia non vane constituisti omnes filios hominum,,"'215':40A 'cologn':35A 'constituisti':16A,30A 'defuncti':43B 'diözesan':37A 'dombibliothek':39A 'domin':11A,25A 'erzbischöflich':36A 'et':12A,26A 'filio':18A,32A 'hominum':19A,33A 'köln':34A 'm':44B 'memorar':1A,6A,20A 'non':14A,28A 'nostra':4A,9A,23A 'omn':17A,31A 'pro':42B 'quae':2A,21A 'que':7A 'quia':13A,27A 'sit':3A,8A,22A 'substantia':5A,10A,24A 'und':38A 'v':41B 'vane':15A,29A",161,2023-06-07 20:15:20.417915+00,2023-06-07 20:15:20.417919+00,,,V,Responsory verse,Office,123741,71,215,71,Erzbischöfliche Diözesan- und Dombibliothek,D-KNd,Köln,4153,2020-06-18 19:20:24.024+00,2020-06-18 19:20:24.026+00,,,M,Matins,1975,Pro defunctis,Chants for the Dead
334888,,Quomodo confitebor tibi domine deus ,204r,156,123741,007504,https://digital.dombibliothek-koeln.de/hs/content/zoom/185364,4153,2.3,1975,?,Quomodo confitebor tibi domine deus meus quando veneris in judicium tuum quia cor meum non custodivi animam meam in carne positam coinquinavi pollui templum corporis mei de opere iniquitatis precor te domine antequam discutias me miserere mei,Quomodo confitebor tibi domine deus meus quando veneris in iudicium tuum quia cor meum non custodivi animam meam in carne positam coinquinavi pollui templum corporis mei de opere iniquitatis precor te domine antequam discutias me miserere mei,,"'215':86A 'animam':22A,59A 'antequam':38A,75A 'carn':25A,62A 'coinquinavi':27A,64A 'cologn':81A 'confitebor':2A,7A,44A 'cor':18A,55A 'corpori':30A,67A 'custodivi':21A,58A 'de':32A,69A 'defuncti':89B 'deus':5A,10A,47A 'discutia':39A,76A 'diözesan':83A 'dombibliothek':85A 'domin':4A,9A,37A,46A,74A 'erzbischöflich':82A 'iniquitati':34A,71A 'iudicium':15A 'judicium':52A 'köln':80A 'm':90B 'meam':23A,60A 'mei':31A,42A,68A,79A 'meum':19A,56A 'meus':11A,48A 'miserer':41A,78A 'non':20A,57A 'oper':33A,70A 'pollui':28A,65A 'positam':26A,63A 'precor':35A,72A 'pro':88B 'quando':12A,49A 'quia':17A,54A 'quomodo':1A,6A,43A 'r':87B 'te':36A,73A 'templum':29A,66A 'tibi':3A,8A,45A 'tuum':16A,53A 'und':84A 'veneri':13A,50A",156,2023-06-07 20:15:20.410148+00,2023-06-07 20:15:20.410152+00,,,R,Responsory,Office,123741,71,215,71,Erzbischöfliche Diözesan- und Dombibliothek,D-KNd,Köln,4153,2020-06-18 19:20:24.024+00,2020-06-18 19:20:24.026+00,,,M,Matins,1975,Pro defunctis,Chants for the Dead
334889,,Tibi soli peccavi domine*,204v,161,123741,007504b,https://digital.dombibliothek-koeln.de/hs/content/zoom/185365,4153,01,1975,?,Tibi soli peccavi domine*,Tibi soli peccavi domine | Precor te,,"'215':21A 'cologn':16A 'defuncti':24B 'diözesan':18A 'dombibliothek':20A 'domin':4A,8A,14A 'erzbischöflich':17A 'köln':15A 'm':25B 'peccavi':3A,7A,13A 'precor':9A 'pro':23B 'soli':2A,6A,12A 'te':10A 'tibi':1A,5A,11A 'und':19A 'v':22B",161,2023-06-07 20:15:20.417915+00,2023-06-07 20:15:20.417919+00,,,V,Responsory verse,Office,123741,71,215,71,Erzbischöfliche Diözesan- und Dombibliothek,D-KNd,Köln,4153,2020-06-18 19:20:24.024+00,2020-06-18 19:20:24.026+00,,,M,Matins,1975,Pro defunctis,Chants for the Dead
334890,,Non derelinquas me*,204v,122,123741,203293,https://digital.dombibliothek-koeln.de/hs/content/zoom/185365,4153,3.1,1975,?,Non derelinquas me*,Non derelinquas me | ~Domine nec in furore,,"'215':20A 'cologn':15A 'defuncti':23B 'derelinqua':2A,5A,12A 'diözesan':17A 'dombibliothek':19A 'domin':7A 'erzbischöflich':16A 'furor':10A 'köln':14A 'm':24B 'nec':8A 'non':1A,4A,11A 'pro':22B 'und':18A",122,2023-06-07 20:15:20.358231+00,2023-06-07 20:15:20.358245+00,,,A,Antiphon,Office,123741,71,215,71,Erzbischöfliche Diözesan- und Dombibliothek,D-KNd,Köln,4153,2020-06-18 19:20:24.024+00,2020-06-18 19:20:24.026+00,,,M,Matins,1975,Pro defunctis,Chants for the Dead
334892,,Sitivit anima mea*,204v,122,123741,004972,https://digital.dombibliothek-koeln.de/hs/content/zoom/185365,4153,3.3,1975,?,Sitivit anima mea*,Sitivit anima mea | ~Quemadmodum,,"'215':17A 'anima':2A,5A,9A 'cologn':12A 'defuncti':20B 'diözesan':14A 'dombibliothek':16A 'erzbischöflich':13A 'köln':11A 'm':21B 'mea':3A,6A,10A 'pro':19B 'quemadmodum':7A 'sitivit':1A,4A,8A 'und':15A",122,2023-06-07 20:15:20.358231+00,2023-06-07 20:15:20.358245+00,,,A,Antiphon,Office,123741,71,215,71,Erzbischöfliche Diözesan- und Dombibliothek,D-KNd,Köln,4153,2020-06-18 19:20:24.024+00,2020-06-18 19:20:24.026+00,,,M,Matins,1975,Pro defunctis,Chants for the Dead
334894,,Memento quaeso domine quod sicut,204v,156,123741,601410,https://digital.dombibliothek-koeln.de/hs/content/zoom/185365,4153,3.1,1975,?,Memento quaeso domine quod sicut lutum feceris me et in pulverem reduces me nonne sicut lac mulsisti me et sicut caseum me coagulasti pelle et carne vestisti ossibus et nervis compegisti me,Memento queso domine quod sicut lutum feceris me et in pulverem reduces me nonne sicut lac mulsisti me et sicut caseum me coagulasti pelle et carne vestisti ossibus et nervis compegisti me,,"'215':76A 'carn':31A,63A 'caseum':26A,58A 'coagulasti':28A,60A 'cologn':71A 'compegisti':36A,68A 'defuncti':79B 'diözesan':73A 'dombibliothek':75A 'domin':3A,8A,40A 'erzbischöflich':72A 'et':14A,24A,30A,34A,46A,56A,62A,66A 'feceri':12A,44A 'köln':70A 'lac':21A,53A 'lutum':11A,43A 'm':80B 'memento':1A,6A,38A 'mulsisti':22A,54A 'nervi':35A,67A 'nonn':19A,51A 'ossibus':33A,65A 'pell':29A,61A 'pro':78B 'pulverem':16A,48A 'quaeso':2A,39A 'queso':7A 'quod':4A,9A,41A 'r':77B 'reduc':17A,49A 'sicut':5A,10A,20A,25A,42A,52A,57A 'und':74A 'vestisti':32A,64A",156,2023-06-07 20:15:20.410148+00,2023-06-07 20:15:20.410152+00,,,R,Responsory,Office,123741,71,215,71,Erzbischöfliche Diözesan- und Dombibliothek,D-KNd,Köln,4153,2020-06-18 19:20:24.024+00,2020-06-18 19:20:24.026+00,,,M,Matins,1975,Pro defunctis,Chants for the Dead
334895,,Vitam et misericordiam tribuisti mihi,204v,161,123741,601410a,https://digital.dombibliothek-koeln.de/hs/content/zoom/185365,4153,01,1975,?,Vitam et misericordiam tribuisti mihi et visitatio tua custodivit spiritum meum,Vitam et misericordiam tribuisti michi et visitatio tua custodivit spiritum meum,,"'215':34A 'cologn':29A 'custodivit':14A,25A 'defuncti':37B 'diözesan':31A 'dombibliothek':33A 'erzbischöflich':30A 'et':2A,7A,11A,18A,22A 'köln':28A 'm':38B 'meum':16A,27A 'michi':10A 'mihi':5A,21A 'misericordiam':3A,8A,19A 'pro':36B 'spiritum':15A,26A 'tribuisti':4A,9A,20A 'tua':13A,24A 'und':32A 'v':35B 'visitatio':12A,23A 'vitam':1A,6A,17A",161,2023-06-07 20:15:20.417915+00,2023-06-07 20:15:20.417919+00,,,V,Responsory verse,Office,123741,71,215,71,Erzbischöfliche Diözesan- und Dombibliothek,D-KNd,Köln,4153,2020-06-18 19:20:24.024+00,2020-06-18 19:20:24.026+00,,,M,Matins,1975,Pro defunctis,Chants for the Dead
334896,,Deus aeterne in cujus humana,205r,156,123741,006417,https://digital.dombibliothek-koeln.de/hs/content/zoom/185366,4153,3.2,1975,?,Deus aeterne in cujus humana conditio potestate constitit animas fidelium defunctorum quaesumus ab omnibus absolve peccatis ut paenitentiae fructum quem voluntas eorum optavit praeventi morte non perdant,Deus eterne in cuius humana conditio potestate constitit animas fidelium defunctorum quesumus ab omnibus absolve peccatis ut penitentie fructum quem voluntas eorum optavit preventi morte non perdant,,"'215':66A 'ab':18A,45A 'absolv':20A,47A 'aetern':2A,34A 'anima':14A,41A 'cologn':61A 'conditio':11A,38A 'constitit':13A,40A 'cuius':9A 'cujus':4A,36A 'defuncti':69B 'defunctorum':16A,43A 'deus':1A,6A,33A 'diözesan':63A 'dombibliothek':65A 'eorum':27A,54A 'erzbischöflich':62A 'etern':7A 'fidelium':15A,42A 'fructum':24A,51A 'humana':5A,10A,37A 'köln':60A 'm':70B 'mort':30A,57A 'non':31A,58A 'omnibus':19A,46A 'optavit':28A,55A 'paenitentia':50A 'peccati':21A,48A 'penitenti':23A 'perdant':32A,59A 'potest':12A,39A 'praeventi':56A 'preventi':29A 'pro':68B 'quaesumus':44A 'quem':25A,52A 'quesumus':17A 'r':67B 'und':64A 'ut':22A,49A 'volunta':26A,53A",156,2023-06-07 20:15:20.410148+00,2023-06-07 20:15:20.410152+00,,,R,Responsory,Office,123741,71,215,71,Erzbischöfliche Diözesan- und Dombibliothek,D-KNd,Köln,4153,2020-06-18 19:20:24.024+00,2020-06-18 19:20:24.026+00,,,M,Matins,1975,Pro defunctis,Chants for the Dead
334897,,Qui in cruce positus latronem,205r,161,123741,006417a,https://digital.dombibliothek-koeln.de/hs/content/zoom/185366,4153,01,1975,?,Qui in cruce positus latronem sero paenitentem suscepisti eorum precamur pie peccata dilue,Qui in cruce positus latronem sero penitentem suscepisti eorum precamur pie peccata dilue | Ut penitentie,,"'215':40A 'cologn':35A 'cruce':3A,8A,23A 'defuncti':43B 'dilu':18A,33A 'diözesan':37A 'dombibliothek':39A 'eorum':14A,29A 'erzbischöflich':36A 'köln':34A 'latronem':5A,10A,25A 'm':44B 'paenitentem':27A 'peccata':17A,32A 'penitentem':12A 'penitenti':20A 'pie':16A,31A 'positus':4A,9A,24A 'precamur':15A,30A 'pro':42B 'qui':1A,6A,21A 'sero':11A,26A 'suscepisti':13A,28A 'und':38A 'ut':19A 'v':41B",161,2023-06-07 20:15:20.417915+00,2023-06-07 20:15:20.417919+00,,,V,Responsory verse,Office,123741,71,215,71,Erzbischöfliche Diözesan- und Dombibliothek,D-KNd,Köln,4153,2020-06-18 19:20:24.024+00,2020-06-18 19:20:24.026+00,,,M,Matins,1975,Pro defunctis,Chants for the Dead
334898,,Cognoscimus domine quia peccavimus veniam,205v,156,123741,006301,https://digital.dombibliothek-koeln.de/hs/content/zoom/185367,4153,3.3,1975,?,Cognoscimus domine quia peccavimus veniam petimus quam non meremur manum tuam porrige lapsis qui latroni confitenti paradisi januam aperuisti,Cognoscimus domine quia peccavimus veniam petimus quam non meremur manum tuam porrige lapsis qui latroni confitenti paradisi ianuam aperuisti,,"'215':50A 'aperuisti':24A,43A 'cognoscimus':1A,6A,25A 'cologn':45A 'confitenti':21A,40A 'defuncti':53B 'diözesan':47A 'dombibliothek':49A 'domin':2A,7A,26A 'erzbischöflich':46A 'ianuam':23A 'januam':42A 'köln':44A 'lapsi':18A,37A 'latroni':20A,39A 'm':54B 'manum':15A,34A 'meremur':14A,33A 'non':13A,32A 'paradisi':22A,41A 'peccavimus':4A,9A,28A 'petimus':11A,30A 'porrig':17A,36A 'pro':52B 'quam':12A,31A 'qui':19A,38A 'quia':3A,8A,27A 'r':51B 'tuam':16A,35A 'und':48A 'veniam':5A,10A,29A",156,2023-06-07 20:15:20.410148+00,2023-06-07 20:15:20.410152+00,,,R,Responsory,Office,123741,71,215,71,Erzbischöfliche Diözesan- und Dombibliothek,D-KNd,Köln,4153,2020-06-18 19:20:24.024+00,2020-06-18 19:20:24.026+00,,,M,Matins,1975,Pro defunctis,Chants for the Dead
334899,,Vita nostra in dolore suspirat,205v,161,123741,006301a,https://digital.dombibliothek-koeln.de/hs/content/zoom/185367,4153,01,1975,?,Vita nostra in dolore suspirat et in opere non emendat si exspectas non corrigimur et si vindicas non duramur,Vita nostra in dolore suspirat et in opere non emendat si expectas non corrigimur et si vindicas non duramur | manum tua,,"'215':52A 'cologn':47A 'corrigimur':19A,40A 'defuncti':55B 'diözesan':49A 'dolor':4A,9A,30A 'dombibliothek':51A 'duramur':24A,45A 'emendat':15A,36A 'erzbischöflich':48A 'et':11A,20A,32A,41A 'expecta':17A 'exspecta':38A 'köln':46A 'm':56B 'manum':25A 'non':14A,18A,23A,35A,39A,44A 'nostra':2A,7A,28A 'oper':13A,34A 'pro':54B 'si':16A,21A,37A,42A 'suspirat':5A,10A,31A 'tua':26A 'und':50A 'v':53B 'vindica':22A,43A 'vita':1A,6A,27A",161,2023-06-07 20:15:20.417915+00,2023-06-07 20:15:20.417919+00,,,V,Responsory verse,Office,123741,71,215,71,Erzbischöfliche Diözesan- und Dombibliothek,D-KNd,Köln,4153,2020-06-18 19:20:24.024+00,2020-06-18 19:20:24.026+00,,,M,Matins,1975,Pro defunctis,Chants for the Dead
334910,,Dirige domine deus meus in ,206v,122,123741,002244,https://digital.dombibliothek-koeln.de/hs/content/zoom/185369,4153,1.1,1975,?,Dirige domine deus meus in conspectu tuo viam meam,Dirige domine deus meus in conspectu tuo viam meam | ~Verba mea auribus,,"'215':33A 'auribus':17A 'cologn':28A 'conspectu':11A,23A 'defuncti':36B 'deus':3A,8A,20A 'dirig':1A,6A,18A 'diözesan':30A 'dombibliothek':32A 'domin':2A,7A,19A 'erzbischöflich':29A 'köln':27A 'm':37B 'mea':16A 'meam':14A,26A 'meus':4A,9A,21A 'pro':35B 'tuo':12A,24A 'und':31A 'verba':15A 'viam':13A,25A",122,2023-06-07 20:15:20.358231+00,2023-06-07 20:15:20.358245+00,,,A,Antiphon,Office,123741,71,215,71,Erzbischöfliche Diözesan- und Dombibliothek,D-KNd,Köln,4153,2020-06-18 19:20:24.024+00,2020-06-18 19:20:24.026+00,,,M,Matins,1975,Pro defunctis,Chants for the Dead
334911,,Convertere domine et eripe animam,206v,122,123741,001921,https://digital.dombibliothek-koeln.de/hs/content/zoom/185369,4153,1.2,1975,?,Convertere domine et eripe animam meam quoniam non est in morte qui memor sit tui,Convertere domine et eripe animam meam quoniam non est in morte qui memor sit tui | ~Domine nec in furore,,"'215':46A 'animam':5A,10A,29A 'cologn':41A 'converter':1A,6A,25A 'defuncti':49B 'diözesan':43A 'dombibliothek':45A 'domin':2A,7A,21A,26A 'erip':4A,9A,28A 'erzbischöflich':42A 'est':14A,33A 'et':3A,8A,27A 'furor':24A 'köln':40A 'm':50B 'meam':11A,30A 'memor':18A,37A 'mort':16A,35A 'nec':22A 'non':13A,32A 'pro':48B 'qui':17A,36A 'quoniam':12A,31A 'sit':19A,38A 'tui':20A,39A 'und':44A",122,2023-06-07 20:15:20.358231+00,2023-06-07 20:15:20.358245+00,,,A,Antiphon,Office,123741,71,215,71,Erzbischöfliche Diözesan- und Dombibliothek,D-KNd,Köln,4153,2020-06-18 19:20:24.024+00,2020-06-18 19:20:24.026+00,,,M,Matins,1975,Pro defunctis,Chants for the Dead
334912,,Nequando rapiat ut leo animam ,206v,122,123741,003875,https://digital.dombibliothek-koeln.de/hs/content/zoom/185369,4153,1.3,1975,?,Nequando rapiat ut leo animam meam dum non est qui redimat qui salvum faciat,Nequando rapiat ut leo animam meam dum non est qui redimat qui salvum faciat,,"'215':40A 'animam':5A,10A,24A 'cologn':35A 'defuncti':43B 'diözesan':37A 'dombibliothek':39A 'dum':12A,26A 'erzbischöflich':36A 'est':14A,28A 'faciat':19A,33A 'köln':34A 'leo':4A,9A,23A 'm':44B 'meam':11A,25A 'nequando':1A,6A,20A 'non':13A,27A 'pro':42B 'qui':15A,17A,29A,31A 'rapiat':2A,7A,21A 'redimat':16A,30A 'salvum':18A,32A 'und':38A 'ut':3A,8A,22A",122,2023-06-07 20:15:20.358231+00,2023-06-07 20:15:20.358245+00,,,A,Antiphon,Office,123741,71,215,71,Erzbischöfliche Diözesan- und Dombibliothek,D-KNd,Köln,4153,2020-06-18 19:20:24.024+00,2020-06-18 19:20:24.026+00,,,M,Matins,1975,Pro defunctis,Chants for the Dead
334921,,In loco pascuae ibi me,207r,122,123741,003250,https://digital.dombibliothek-koeln.de/hs/content/zoom/185370,4153,2.1,1975,?,In loco pascuae ibi me collocavit,In loco pascue ibi me collocavit | ~Dominus regit me,,"'215':27A 'collocavit':11A,20A 'cologn':22A 'defuncti':30B 'diözesan':24A 'dombibliothek':26A 'dominus':12A 'erzbischöflich':23A 'ibi':4A,9A,18A 'köln':21A 'loco':2A,7A,16A 'm':31B 'pascu':8A 'pascua':3A,17A 'pro':29B 'regit':13A 'und':25A",122,2023-06-07 20:15:20.358231+00,2023-06-07 20:15:20.358245+00,,,A,Antiphon,Office,123741,71,215,71,Erzbischöfliche Diözesan- und Dombibliothek,D-KNd,Köln,4153,2020-06-18 19:20:24.024+00,2020-06-18 19:20:24.026+00,,,M,Matins,1975,Pro defunctis,Chants for the Dead
334922,,Delicta juventutis meae et ignorantias,207r,122,123741,002146,https://digital.dombibliothek-koeln.de/hs/content/zoom/185370,4153,2.2,1975,?,Delicta juventutis meae et ignorantias meas ne memineris domine,Delicta iuventutis mee et ignorantias meas ne memineris domine | ~Ad te domine locum,,"'215':34A 'ad':15A 'cologn':29A 'defuncti':37B 'delicta':1A,6A,19A 'diözesan':31A 'dombibliothek':33A 'domin':14A,17A,27A 'erzbischöflich':30A 'et':4A,9A,22A 'ignorantia':5A,10A,23A 'iuventuti':7A 'juventuti':2A,20A 'köln':28A 'locum':18A 'm':38B 'mea':11A,24A 'meae':3A,21A 'mee':8A 'memineri':13A,26A 'ne':12A,25A 'pro':36B 'te':16A 'und':32A",122,2023-06-07 20:15:20.358231+00,2023-06-07 20:15:20.358245+00,,,A,Antiphon,Office,123741,71,215,71,Erzbischöfliche Diözesan- und Dombibliothek,D-KNd,Köln,4153,2020-06-18 19:20:24.024+00,2020-06-18 19:20:24.026+00,,,M,Matins,1975,Pro defunctis,Chants for the Dead
334931,,Ne derelinquas me domine deus ,207v,122,123741,203218,https://digital.dombibliothek-koeln.de/hs/content/zoom/185371,4153,3.1,1975,?,Ne derelinquas me domine deus meus (...),Ne derelinquas me domine deus meus (...) | ~Domine nec in furore | Expectans,,"'215':29A 'cologn':24A 'defuncti':32B 'derelinqua':2A,7A,18A 'deus':5A,10A,21A 'diözesan':26A 'dombibliothek':28A 'domin':4A,9A,12A,20A 'erzbischöflich':25A 'expectan':16A 'furor':15A 'köln':23A 'm':33B 'meus':11A,22A 'ne':1A,6A,17A 'nec':13A 'pro':31B 'und':27A",122,2023-06-07 20:15:20.358231+00,2023-06-07 20:15:20.358245+00,,,A,Antiphon,Office,123741,71,215,71,Erzbischöfliche Diözesan- und Dombibliothek,D-KNd,Köln,4153,2020-06-18 19:20:24.024+00,2020-06-18 19:20:24.026+00,,,M,Matins,1975,Pro defunctis,Chants for the Dead
334933,,Sitivit anima mea ad deum,207v,122,123741,004972,https://digital.dombibliothek-koeln.de/hs/content/zoom/185371,4153,3.3,1975,?,Sitivit anima mea ad deum vivum quando veniam et apparebo ante faciem domini,Sitivit anima mea ad deum vivum quando veniam et apparebo ante faciem domini,,"'215':38A 'ad':4A,9A,22A 'anima':2A,7A,20A 'ant':16A,29A 'apparebo':15A,28A 'cologn':33A 'defuncti':41B 'deum':5A,10A,23A 'diözesan':35A 'dombibliothek':37A 'domini':18A,31A 'erzbischöflich':34A 'et':14A,27A 'faciem':17A,30A 'köln':32A 'm':42B 'mea':3A,8A,21A 'pro':40B 'quando':12A,25A 'sitivit':1A,6A,19A 'und':36A 'veniam':13A,26A 'vivum':11A,24A",122,2023-06-07 20:15:20.358231+00,2023-06-07 20:15:20.358245+00,,,A,Antiphon,Office,123741,71,215,71,Erzbischöfliche Diözesan- und Dombibliothek,D-KNd,Köln,4153,2020-06-18 19:20:24.024+00,2020-06-18 19:20:24.026+00,,,M,Matins,1975,Pro defunctis,Chants for the Dead
334940,,Absolve domine animas eorum ab,208r,156,123741,600017,https://digital.dombibliothek-koeln.de/hs/content/zoom/185372,4153,3.3,1975,?,Absolve domine animas eorum ab omni vinculo delictorum non eas tormentum mortis attingat non reorum cathena constringat sed miseratio tua in pacis eas ac lucis regione constituat,Absolve domine animas eorum ab omni vinculo delictorum non eas tormentum mortis attingat non reorum cathena constringat sed miseratio tua in pacis eas ac lucis regione constituat,,"'215':66A 'ab':5A,10A,37A 'absolv':1A,6A,33A 'ac':29A,56A 'anima':3A,8A,35A 'attingat':18A,45A 'cathena':21A,48A 'cologn':61A 'constituat':32A,59A 'constringat':22A,49A 'defuncti':69B 'delictorum':13A,40A 'diözesan':63A 'dombibliothek':65A 'domin':2A,7A,34A 'ea':15A,28A,42A,55A 'eorum':4A,9A,36A 'erzbischöflich':62A 'köln':60A 'luci':30A,57A 'm':70B 'miseratio':24A,51A 'morti':17A,44A 'non':14A,19A,41A,46A 'omni':11A,38A 'paci':27A,54A 'pro':68B 'r':67B 'region':31A,58A 'reorum':20A,47A 'sed':23A,50A 'tormentum':16A,43A 'tua':25A,52A 'und':64A 'vinculo':12A,39A",156,2023-06-07 20:15:20.410148+00,2023-06-07 20:15:20.410152+00,,,R,Responsory,Office,123741,71,215,71,Erzbischöfliche Diözesan- und Dombibliothek,D-KNd,Köln,4153,2020-06-18 19:20:24.024+00,2020-06-18 19:20:24.026+00,,,M,Matins,1975,Pro defunctis,Chants for the Dead
334941,,Si quae illis sint domine,208r,161,123741,600017a,https://digital.dombibliothek-koeln.de/hs/content/zoom/185372,4153,01,1975,?,Si quae illis sint domine digne cruciatibus culpae tu eas gratias lenitatis indulge,Si que illis sint domine digne cruciatibus culpe tu eas gratias lenitatis indulge,,"'215':38A 'cologn':33A 'cruciatibus':12A,25A 'culp':13A 'culpa':26A 'defuncti':41B 'dign':11A,24A 'diözesan':35A 'dombibliothek':37A 'domin':5A,10A,23A 'ea':15A,28A 'erzbischöflich':34A 'gratia':16A,29A 'illi':3A,8A,21A 'indulg':18A,31A 'köln':32A 'lenitati':17A,30A 'm':42B 'pro':40B 'quae':2A,20A 'que':7A 'si':1A,6A,19A 'sint':4A,9A,22A 'tu':14A,27A 'und':36A 'v':39B",161,2023-06-07 20:15:20.417915+00,2023-06-07 20:15:20.417919+00,,,V,Responsory verse,Office,123741,71,215,71,Erzbischöfliche Diözesan- und Dombibliothek,D-KNd,Köln,4153,2020-06-18 19:20:24.024+00,2020-06-18 19:20:24.026+00,,,M,Matins,1975,Pro defunctis,Chants for the Dead
334942,,Libera me domine de morte ,208r,156,123741,007091,https://digital.dombibliothek-koeln.de/hs/content/zoom/185372,4153,10,1975,?,Libera me domine de morte aeterna in die illa tremenda quando caeli movendi sunt et terra,Libera me domine de morte eterna in die illa tremenda quando celi movendi sunt et terra,,"'215':44A 'aeterna':27A 'caeli':33A 'celi':17A 'cologn':39A 'de':4A,9A,25A 'defuncti':47B 'die':13A,29A 'diözesan':41A 'dombibliothek':43A 'domin':3A,8A,24A 'erzbischöflich':40A 'et':20A,36A 'eterna':11A 'illa':14A,30A 'köln':38A 'libera':1A,6A,22A 'm':48B 'mort':5A,10A,26A 'movendi':18A,34A 'pro':46B 'quando':16A,32A 'r':45B 'sunt':19A,35A 'terra':21A,37A 'tremenda':15A,31A 'und':42A",156,2023-06-07 20:15:20.410148+00,2023-06-07 20:15:20.410152+00,,,R,Responsory,Office,123741,71,215,71,Erzbischöfliche Diözesan- und Dombibliothek,D-KNd,Köln,4153,2020-06-18 19:20:24.024+00,2020-06-18 19:20:24.026+00,,,M,Matins,1975,Pro defunctis,Chants for the Dead
334943,,Dies illa dies irae calamitatis ,208r,161,123741,007091g,https://digital.dombibliothek-koeln.de/hs/content/zoom/185372,4153,01,1975,?,Dies illa dies irae calamitatis et miseriae dies magna et amara valde,Dies illa dies ire calamitatis et miserie dies magna et amara valde | Quoniam,,"'215':37A 'amara':16A,29A 'calamitati':5A,10A,23A 'cologn':32A 'defuncti':40B 'die':1A,3A,6A,8A,13A,19A,21A,26A 'diözesan':34A 'dombibliothek':36A 'erzbischöflich':33A 'et':11A,15A,24A,28A 'illa':2A,7A,20A 'ira':4A,22A 'ire':9A 'köln':31A 'm':41B 'magna':14A,27A 'miseri':12A 'miseria':25A 'pro':39B 'quoniam':18A 'und':35A 'v':38B 'vald':17A,30A",161,2023-06-07 20:15:20.417915+00,2023-06-07 20:15:20.417919+00,,,V,Responsory verse,Office,123741,71,215,71,Erzbischöfliche Diözesan- und Dombibliothek,D-KNd,Köln,4153,2020-06-18 19:20:24.024+00,2020-06-18 19:20:24.026+00,,,M,Matins,1975,Pro defunctis,Chants for the Dead
334944,,Tremens factus sum ego et ,208r,161,123741,007091x,https://digital.dombibliothek-koeln.de/hs/content/zoom/185372,4153,02,1975,?,Tremens factus sum ego et timeo dum discussio venerit atque ventura ira,Tremens factus sum ego et timeo dum discussio venerit atque ventura ira,,"'215':36A 'atqu':15A,27A 'cologn':31A 'defuncti':39B 'discussio':13A,25A 'diözesan':33A 'dombibliothek':35A 'dum':12A,24A 'ego':4A,9A,21A 'erzbischöflich':32A 'et':5A,10A,22A 'factus':2A,7A,19A 'ira':17A,29A 'köln':30A 'm':40B 'pro':38B 'sum':3A,8A,20A 'timeo':11A,23A 'tremen':1A,6A,18A 'und':34A 'v':37B 'venerit':14A,26A 'ventura':16A,28A",161,2023-06-07 20:15:20.417915+00,2023-06-07 20:15:20.417919+00,,,V,Responsory verse,Office,123741,71,215,71,Erzbischöfliche Diözesan- und Dombibliothek,D-KNd,Köln,4153,2020-06-18 19:20:24.024+00,2020-06-18 19:20:24.026+00,,,M,Matins,1975,Pro defunctis,Chants for the Dead
334945,,Dum veneris judicare saeculum per ,208r,161,123741,007091zaz,https://digital.dombibliothek-koeln.de/hs/content/zoom/185372,4153,03,1975,?,Dum veneris judicare saeculum per ignem,Dum veneris iudicare seculum per ignem,,"'215':24A 'cologn':19A 'defuncti':27B 'diözesan':21A 'dombibliothek':23A 'dum':1A,6A,12A 'erzbischöflich':20A 'ignem':11A,17A 'iudicar':8A 'judicar':3A,14A 'köln':18A 'm':28B 'per':5A,10A,16A 'pro':26B 'saeculum':4A,15A 'seculum':9A 'und':22A 'v':25B 'veneri':2A,7A,13A",161,2023-06-07 20:15:20.417915+00,2023-06-07 20:15:20.417919+00,,,V,Responsory verse,Office,123741,71,215,71,Erzbischöfliche Diözesan- und Dombibliothek,D-KNd,Köln,4153,2020-06-18 19:20:24.024+00,2020-06-18 19:20:24.026+00,,,M,Matins,1975,Pro defunctis,Chants for the Dead
435795,,Putasne mortuus homo rursum,186r,156,123637,601919,,4153,1,1975,?,,,,'defuncti':11B 'hb.i.55':8A 'homo':3A 'landesbibliothek':7A 'm':12B 'mortuus':2A 'pro':10B 'putasn':1A 'r':9B 'rursum':4A 'stuttgart':5A 'württembergisch':6A,156,2023-06-07 20:15:20.410148+00,2023-06-07 20:15:20.410152+00,,,R,Responsory,Office,123637,82,HB.I.55,82,Württembergische Landesbibliothek,D-Sl,Stuttgart,4153,2020-06-18 19:20:24.024+00,2020-06-18 19:20:24.026+00,,,M,Matins,1975,Pro defunctis,Chants for the Dead
435796,,Ecce in pulvere sedeo et,186r,161,123637,601919a,,4153,01,1975,?,,,,'defuncti':12B 'ecc':1A 'et':5A 'hb.i.55':9A 'landesbibliothek':8A 'm':13B 'pro':11B 'pulver':3A 'sedeo':4A 'stuttgart':6A 'v':10B 'württembergisch':7A,161,2023-06-07 20:15:20.417915+00,2023-06-07 20:15:20.417919+00,,,V,Responsory verse,Office,123637,82,HB.I.55,82,Württembergische Landesbibliothek,D-Sl,Stuttgart,4153,2020-06-18 19:20:24.024+00,2020-06-18 19:20:24.026+00,,,M,Matins,1975,Pro defunctis,Chants for the Dead
435797,,Manus tuae domine fecerunt me,186r,156,123637,007127,,4153,2,1975,?,,,,'defuncti':12B 'domin':3A 'fecerunt':4A 'hb.i.55':9A 'landesbibliothek':8A 'm':13B 'manus':1A 'pro':11B 'r':10B 'stuttgart':6A 'tuae':2A 'württembergisch':7A,156,2023-06-07 20:15:20.410148+00,2023-06-07 20:15:20.410152+00,,,R,Responsory,Office,123637,82,HB.I.55,82,Württembergische Landesbibliothek,D-Sl,Stuttgart,4153,2020-06-18 19:20:24.024+00,2020-06-18 19:20:24.026+00,,,M,Matins,1975,Pro defunctis,Chants for the Dead
435798,,Dum veneris judicare noli me,186r,161,123637,007127a,,4153,01,1975,?,,,,'defuncti':12B 'dum':1A 'hb.i.55':9A 'judicar':3A 'landesbibliothek':8A 'm':13B 'noli':4A 'pro':11B 'stuttgart':6A 'v':10B 'veneri':2A 'württembergisch':7A,161,2023-06-07 20:15:20.417915+00,2023-06-07 20:15:20.417919+00,,,V,Responsory verse,Office,123637,82,HB.I.55,82,Württembergische Landesbibliothek,D-Sl,Stuttgart,4153,2020-06-18 19:20:24.024+00,2020-06-18 19:20:24.026+00,,,M,Matins,1975,Pro defunctis,Chants for the Dead
435799,,Commissa mea pavesco et,186r,156,123637,600387,,4153,3,1975,?,,,,'commissa':1A 'defuncti':11B 'et':4A 'hb.i.55':8A 'landesbibliothek':7A 'm':12B 'mea':2A 'pavesco':3A 'pro':10B 'r':9B 'stuttgart':5A 'württembergisch':6A,156,2023-06-07 20:15:20.410148+00,2023-06-07 20:15:20.410152+00,,,R,Responsory,Office,123637,82,HB.I.55,82,Württembergische Landesbibliothek,D-Sl,Stuttgart,4153,2020-06-18 19:20:24.024+00,2020-06-18 19:20:24.026+00,,,M,Matins,1975,Pro defunctis,Chants for the Dead
435800,,Delictum meum cognitum tibi,186r,161,123637,600387a,,4153,01,1975,?,,,,'cognitum':3A 'defuncti':11B 'delictum':1A 'hb.i.55':8A 'landesbibliothek':7A 'm':12B 'meum':2A 'pro':10B 'stuttgart':5A 'tibi':4A 'v':9B 'württembergisch':6A,161,2023-06-07 20:15:20.417915+00,2023-06-07 20:15:20.417919+00,,,V,Responsory verse,Office,123637,82,HB.I.55,82,Württembergische Landesbibliothek,D-Sl,Stuttgart,4153,2020-06-18 19:20:24.024+00,2020-06-18 19:20:24.026+00,,,M,Matins,1975,Pro defunctis,Chants for the Dead
435805,,Quomodo confitebor tibi,186v,156,123637,007504,,4153,6,1975,?,,,,'confitebor':2A 'defuncti':10B 'hb.i.55':7A 'landesbibliothek':6A 'm':11B 'pro':9B 'quomodo':1A 'r':8B 'stuttgart':4A 'tibi':3A 'württembergisch':5A,156,2023-06-07 20:15:20.410148+00,2023-06-07 20:15:20.410152+00,,,R,Responsory,Office,123637,82,HB.I.55,82,Württembergische Landesbibliothek,D-Sl,Stuttgart,4153,2020-06-18 19:20:24.024+00,2020-06-18 19:20:24.026+00,,,M,Matins,1975,Pro defunctis,Chants for the Dead
435806,,Licet peccavi tamen te,186v,161,123637,007504za,,4153,01,1975,?,,,,'defuncti':11B 'hb.i.55':8A 'landesbibliothek':7A 'licet':1A 'm':12B 'peccavi':2A 'pro':10B 'stuttgart':5A 'tamen':3A 'te':4A 'v':9B 'württembergisch':6A,161,2023-06-07 20:15:20.417915+00,2023-06-07 20:15:20.417919+00,,,V,Responsory verse,Office,123637,82,HB.I.55,82,Württembergische Landesbibliothek,D-Sl,Stuttgart,4153,2020-06-18 19:20:24.024+00,2020-06-18 19:20:24.026+00,,,M,Matins,1975,Pro defunctis,Chants for the Dead
435807,,Domine qui plasmasti me,186v,156,123637,600627,,4153,7,1975,?,,,,'defuncti':11B 'domin':1A 'hb.i.55':8A 'landesbibliothek':7A 'm':12B 'plasmasti':3A 'pro':10B 'qui':2A 'r':9B 'stuttgart':5A 'württembergisch':6A,156,2023-06-07 20:15:20.410148+00,2023-06-07 20:15:20.410152+00,,,R,Responsory,Office,123637,82,HB.I.55,82,Württembergische Landesbibliothek,D-Sl,Stuttgart,4153,2020-06-18 19:20:24.024+00,2020-06-18 19:20:24.026+00,,,M,Matins,1975,Pro defunctis,Chants for the Dead
435808,,Domine quidquid vitiorum,186v,161,123637,600627a,,4153,01,1975,?,,,,'defuncti':10B 'domin':1A 'hb.i.55':7A 'landesbibliothek':6A 'm':11B 'pro':9B 'quidquid':2A 'stuttgart':4A 'v':8B 'vitiorum':3A 'württembergisch':5A,161,2023-06-07 20:15:20.417915+00,2023-06-07 20:15:20.417919+00,,,V,Responsory verse,Office,123637,82,HB.I.55,82,Württembergische Landesbibliothek,D-Sl,Stuttgart,4153,2020-06-18 19:20:24.024+00,2020-06-18 19:20:24.026+00,,,M,Matins,1975,Pro defunctis,Chants for the Dead
435809,,Absolve domine animas,186v,156,123637,600017,,4153,8,1975,?,,,,'absolv':1A 'anima':3A 'defuncti':10B 'domin':2A 'hb.i.55':7A 'landesbibliothek':6A 'm':11B 'pro':9B 'r':8B 'stuttgart':4A 'württembergisch':5A,156,2023-06-07 20:15:20.410148+00,2023-06-07 20:15:20.410152+00,,,R,Responsory,Office,123637,82,HB.I.55,82,Württembergische Landesbibliothek,D-Sl,Stuttgart,4153,2020-06-18 19:20:24.024+00,2020-06-18 19:20:24.026+00,,,M,Matins,1975,Pro defunctis,Chants for the Dead
435810,,Si quae illis,186v,161,123637,600017a,,4153,01,1975,?,,,,'defuncti':10B 'hb.i.55':7A 'illi':3A 'landesbibliothek':6A 'm':11B 'pro':9B 'quae':2A 'si':1A 'stuttgart':4A 'v':8B 'württembergisch':5A,161,2023-06-07 20:15:20.417915+00,2023-06-07 20:15:20.417919+00,,,V,Responsory verse,Office,123637,82,HB.I.55,82,Württembergische Landesbibliothek,D-Sl,Stuttgart,4153,2020-06-18 19:20:24.024+00,2020-06-18 19:20:24.026+00,,,M,Matins,1975,Pro defunctis,Chants for the Dead
435813,,Deus aeterne in cujus,187r,156,123637,006417,,4153,10,1975,?,,,,'aetern':2A 'cujus':4A 'defuncti':11B 'deus':1A 'hb.i.55':8A 'landesbibliothek':7A 'm':12B 'pro':10B 'r':9B 'stuttgart':5A 'württembergisch':6A,156,2023-06-07 20:15:20.410148+00,2023-06-07 20:15:20.410152+00,,,R,Responsory,Office,123637,82,HB.I.55,82,Württembergische Landesbibliothek,D-Sl,Stuttgart,4153,2020-06-18 19:20:24.024+00,2020-06-18 19:20:24.026+00,,,M,Matins,1975,Pro defunctis,Chants for the Dead
435814,,Qui in cruce positus latronem,187r,161,123637,006417a,,4153,01,1975,?,,,,'cruce':3A 'defuncti':12B 'hb.i.55':9A 'landesbibliothek':8A 'latronem':5A 'm':13B 'positus':4A 'pro':11B 'qui':1A 'stuttgart':6A 'v':10B 'württembergisch':7A,161,2023-06-07 20:15:20.417915+00,2023-06-07 20:15:20.417919+00,,,V,Responsory verse,Office,123637,82,HB.I.55,82,Württembergische Landesbibliothek,D-Sl,Stuttgart,4153,2020-06-18 19:20:24.024+00,2020-06-18 19:20:24.026+00,,,M,Matins,1975,Pro defunctis,Chants for the Dead
436809,,Exsultent in domino sancti,002r,140,123652,100127,,4153,,1975,?,,,,'8':9A 'archivo':7A 'catedr':6A 'defuncti':12B 'domino':3A 'exsult':1A 'm':13B 'music':8A 'pro':11B 'salamanca':5A 'sancti':4A,140,2023-06-07 20:15:20.389015+00,2023-06-07 20:15:20.389019+00,,,I,Invitatory antiphon,Office,123652,91,8,91,Catedral - Archivo Musical,E-SA,Salamanca,4153,2020-06-18 19:20:24.024+00,2020-06-18 19:20:24.026+00,,,M,Matins,1975,Pro defunctis,Chants for the Dead
398299,,Libera me domine de viis,279r,156,123627,007092,http://gallica.bnf.fr/ark:/12148/btv1b60007359/f569.image,4153,3.1,1975,?,Libera me domine de viis inferni qui portas aereas confregisti et visitasti infernum et dedisti eis lumen ut viderent te qui erant in poenis tenebrarum,Libera me domine de vis inferni qui portas ereas confregisti -- -sti -fernum et dedisti eis lumen ut viderent te qui --,,"'1090':60A 'aerea':34A 'bibliothèqu':52A 'confregisti':15A,35A 'de':4A,9A,29A,54A 'dedisti':19A,40A 'defuncti':63B 'des':57A 'domin':3A,8A,28A 'département':56A 'ei':20A,41A 'erant':47A 'erea':14A 'et':18A,36A,39A 'fernum':17A 'franc':55A 'inferni':11A,31A 'infernum':38A 'latin':59A 'libera':1A,6A,26A 'lumen':21A,42A 'm':64B 'manuscrit':58A 'national':53A 'pari':51A 'poeni':49A 'porta':13A,33A 'pro':62B 'qui':12A,25A,32A,46A 'r':61B 'sti':16A 'te':24A,45A 'tenebrarum':50A 'ut':22A,43A 'vider':23A,44A 'vii':5A,30A 'vis':10A 'visitasti':37A",156,2023-06-07 20:15:20.410148+00,2023-06-07 20:15:20.410152+00,,,R,Responsory,Office,123627,112,Latin 1090,112,Bibliothèque nationale,F-Pn,Paris,4153,2020-06-18 19:20:24.024+00,2020-06-18 19:20:24.026+00,,,M,Matins,1975,Pro defunctis,Chants for the Dead
398300,,Clamantes et dicentes advenisti redemptor ,279r,161,123627,007092a,http://gallica.bnf.fr/ark:/12148/btv1b60007359/f569.image,4153,01,1975,?,Clamantes et dicentes advenisti redemptor noster,Cl- --,,"'1090':22A 'advenisti':4A,10A 'bibliothèqu':14A 'cl':6A 'clamant':1A,7A 'de':16A 'defuncti':25B 'des':19A 'dicent':3A,9A 'département':18A 'et':2A,8A 'franc':17A 'latin':21A 'm':26B 'manuscrit':20A 'national':15A 'noster':12A 'pari':13A 'pro':24B 'redemptor':5A,11A 'v':23B",161,2023-06-07 20:15:20.417915+00,2023-06-07 20:15:20.417919+00,,,V,Responsory verse,Office,123627,112,Latin 1090,112,Bibliothèque nationale,F-Pn,Paris,4153,2020-06-18 19:20:24.024+00,2020-06-18 19:20:24.026+00,,,M,Matins,1975,Pro defunctis,Chants for the Dead
398308,,-- --,279v,161,123627,,http://gallica.bnf.fr/ark:/12148/btv1b60007359/f570.image,4153,05,1975,?,-- --,-- --,,'1090':10A 'bibliothèqu':2A 'de':4A 'defuncti':13B 'des':7A 'département':6A 'franc':5A 'latin':9A 'm':14B 'manuscrit':8A 'national':3A 'pari':1A 'pro':12B 'v':11B,161,2023-06-07 20:15:20.417915+00,2023-06-07 20:15:20.417919+00,,,V,Responsory verse,Office,123627,112,Latin 1090,112,Bibliothèque nationale,F-Pn,Paris,4153,2020-06-18 19:20:24.024+00,2020-06-18 19:20:24.026+00,,,M,Matins,1975,Pro defunctis,Chants for the Dead
408062,,Redemit dominus populum suum,259v,156,123630,007515,https://gallica.bnf.fr/ark:/12148/btv1b84229789/f530.image,4153,10,1571,?,,,,"'12601':14A 'bibliothèqu':6A 'de':8A,16B 'des':11A 'dominus':2A 'département':10A 'franc':9A 'latin':13A 'm':18B 'manuscrit':12A 'national':7A 'pari':5A 'populum':3A 'propheti':17B 'r':15B 'redemit':1A 'suum':4A",156,2023-06-07 20:15:20.410148+00,2023-06-07 20:15:20.410152+00,,,R,Responsory,Office,123630,112,Latin 12601,112,Bibliothèque nationale,F-Pn,Paris,4153,2020-06-18 19:20:24.024+00,2020-06-18 19:20:24.026+00,,,M,Matins,1571,De Prophetis,"Summer Histories, from the Prophets"
415889,,Domine abstraxisti ab inferis,425r,122,123632,002325,http://gallica.bnf.fr/ark:/12148/btv1b8447769r/f851.image,4153,3.1,1975,?,,,,'15182':14A 'ab':3A 'abstraxisti':2A 'bibliothèqu':6A 'de':8A 'defuncti':17B 'des':11A 'domin':1A 'département':10A 'franc':9A 'inferi':4A 'latin':13A 'm':18B 'manuscrit':12A 'national':7A 'pari':5A 'pro':16B,122,2023-06-07 20:15:20.358231+00,2023-06-07 20:15:20.358245+00,,,A,Antiphon,Office,123632,112,Latin 15182,112,Bibliothèque nationale,F-Pn,Paris,4153,2020-06-18 19:20:24.024+00,2020-06-18 19:20:24.026+00,,,M,Matins,1975,Pro defunctis,Chants for the Dead
419438,,Delicta*,129v,122,123633,002146,https://gallica.bnf.fr/ark:/12148/btv1b84262784/f262.image,4153,2.2,1975,?,,,,'1535':11A 'bibliothèqu':3A 'de':5A 'defuncti':14B 'delicta':1A 'des':8A 'département':7A 'franc':6A 'm':15B 'manuscrit':9A 'nal':10A 'national':4A 'pari':2A 'pro':13B,122,2023-06-07 20:15:20.358231+00,2023-06-07 20:15:20.358245+00,,,A,Antiphon,Office,123633,112,NAL 1535,112,Bibliothèque nationale,F-Pn,Paris,4153,2020-06-18 19:20:24.024+00,2020-06-18 19:20:24.026+00,,,M,Matins,1975,Pro defunctis,Chants for the Dead
451008,,Recordare quid acciderit,110r,161,123663,007746za,http://gallica.bnf.fr/ark:/12148/btv1b8432277r/f229.image,4153,01,1571,?,,,,"'1085':13A 'acciderit':3A 'bibliothèqu':5A 'de':7A,15B 'des':10A 'département':9A 'franc':8A 'latin':12A 'm':17B 'manuscrit':11A 'national':6A 'pari':4A 'propheti':16B 'quid':2A 'recordar':1A 'v':14B",161,2023-06-07 20:15:20.417915+00,2023-06-07 20:15:20.417919+00,,,V,Responsory verse,Office,123663,112,Latin 1085,112,Bibliothèque nationale,F-Pn,Paris,4153,2020-06-18 19:20:24.024+00,2020-06-18 19:20:24.026+00,,,M,Matins,1571,De Prophetis,"Summer Histories, from the Prophets"
451038,,-- --,110v,161,123663,,http://gallica.bnf.fr/ark:/12148/btv1b8432277r/f230.image,4153,02,1571,?,-- --,,,"'1085':10A 'bibliothèqu':2A 'de':4A,12B 'des':7A 'département':6A 'franc':5A 'latin':9A 'm':14B 'manuscrit':8A 'national':3A 'pari':1A 'propheti':13B 'v':11B",161,2023-06-07 20:15:20.417915+00,2023-06-07 20:15:20.417919+00,,,V,Responsory verse,Office,123663,112,Latin 1085,112,Bibliothèque nationale,F-Pn,Paris,4153,2020-06-18 19:20:24.024+00,2020-06-18 19:20:24.026+00,,,M,Matins,1571,De Prophetis,"Summer Histories, from the Prophets"
451052,,-in -- angustius,110v,161,123663,,http://gallica.bnf.fr/ark:/12148/btv1b8432277r/f230.image,4153,01,1571,?,-in -- angustius,,,"'1085':14A 'angustius':2A,4A 'bibliothèqu':6A 'de':8A,16B 'des':11A 'département':10A 'franc':9A 'latin':13A 'm':18B 'manuscrit':12A 'national':7A 'pari':5A 'propheti':17B 'v':15B",161,2023-06-07 20:15:20.417915+00,2023-06-07 20:15:20.417919+00,,,V,Responsory verse,Office,123663,112,Latin 1085,112,Bibliothèque nationale,F-Pn,Paris,4153,2020-06-18 19:20:24.024+00,2020-06-18 19:20:24.026+00,,,M,Matins,1571,De Prophetis,"Summer Histories, from the Prophets"
451058,,Dum -- desideriorum,110v,161,123663,006482za,http://gallica.bnf.fr/ark:/12148/btv1b8432277r/f230.image,4153,01,1571,?,,,,"'1085':12A 'bibliothèqu':4A 'de':6A,14B 'des':9A 'desideriorum':2A 'dum':1A 'département':8A 'franc':7A 'latin':11A 'm':16B 'manuscrit':10A 'national':5A 'pari':3A 'propheti':15B 'v':13B",161,2023-06-07 20:15:20.417915+00,2023-06-07 20:15:20.417919+00,,,V,Responsory verse,Office,123663,112,Latin 1085,112,Bibliothèque nationale,F-Pn,Paris,4153,2020-06-18 19:20:24.024+00,2020-06-18 19:20:24.026+00,,,M,Matins,1571,De Prophetis,"Summer Histories, from the Prophets"
451059,,Ex die qua posuisti domini,110v,161,123663,006482a,http://gallica.bnf.fr/ark:/12148/btv1b8432277r/f230.image,4153,02,1571,?,,,,"'1085':15A 'bibliothèqu':7A 'de':9A,17B 'des':12A 'die':2A 'domini':5A 'département':11A 'ex':1A 'franc':10A 'latin':14A 'm':19B 'manuscrit':13A 'national':8A 'pari':6A 'posuisti':4A 'propheti':18B 'qua':3A 'v':16B",161,2023-06-07 20:15:20.417915+00,2023-06-07 20:15:20.417919+00,,,V,Responsory verse,Office,123663,112,Latin 1085,112,Bibliothèque nationale,F-Pn,Paris,4153,2020-06-18 19:20:24.024+00,2020-06-18 19:20:24.026+00,,,M,Matins,1571,De Prophetis,"Summer Histories, from the Prophets"
386262,,Misit dominus angelum suum et,106r,156,123707,007164,https://iiif.bodleian.ox.ac.uk/iiif/viewer/b7b68301-3363-4aa5-849c-3ec4d0092884#?c=0&m=0&s=0&cv=216&r=0&xywh=-4559%2C-1%2C14528%2C6779,4153,7,1571,?,,,,'284':12A 'angelum':3A 'bodleian':7A 'de':14B 'dominus':2A 'et':5A 'laud':10A 'librari':8A 'm':16B 'misc':11A 'misit':1A 'ms':9A 'oxford':6A 'propheti':15B 'r':13B 'suum':4A,156,2023-06-07 20:15:20.410148+00,2023-06-07 20:15:20.410152+00,,,R,Responsory,Office,123707,131,MS. Laud Misc. 284,131,Bodleian Library,GB-Ob,Oxford,4153,2020-06-18 19:20:24.024+00,2020-06-18 19:20:24.026+00,,,M,Matins,1571,De Prophetis,"Summer Histories, from the Prophets"
163730,,Pro fidei meritis*,040v,122,123666,004383,,4153,,1571,?,,,,'6':8A 'aosta':4A 'biblioteca':7A 'de':10B 'fidei':2A 'm':12B 'maggior':6A 'meriti':3A 'pro':1A 'propheti':11B 'seminario':5A,122,2023-06-07 20:15:20.358231+00,2023-06-07 20:15:20.358245+00,,,A,Antiphon,Office,123666,141,6,141,Seminario Maggiore - Biblioteca,I-AO,Aosta,4153,2020-06-18 19:20:24.024+00,2020-06-18 19:20:24.026+00,,,M,Matins,1571,De Prophetis,"Summer Histories, from the Prophets"
170271,,Sitivit anima mea ad deum,388v,122,123669,004972,,4153,3.3,1975,?,,,,'694':9A 'ad':4A 'anima':2A 'assisi':6A 'biblioteca':7A 'comunal':8A 'defuncti':12B 'deum':5A 'm':13B 'mea':3A 'pro':11B 'sitivit':1A,122,2023-06-07 20:15:20.358231+00,2023-06-07 20:15:20.358245+00,,,A,Antiphon,Office,123669,142,694,142,Biblioteca Comunale,I-Ac,Assisi,4153,2020-06-18 19:20:24.024+00,2020-06-18 19:20:24.026+00,,,M,Matins,1975,Pro defunctis,Chants for the Dead
237938,,Libera me domine de viis,262v,156,123607,007092,,4153,3.3,1975,?,,,,'arcivescovado':8A 'biblioteca':9A 'de':4A 'defuncti':13B 'domin':3A 'firenz':6A 'florenc':7A 'libera':1A 'm':14B 'pro':12B 'r':11B 's.c':10A 'vii':5A,156,2023-06-07 20:15:20.410148+00,2023-06-07 20:15:20.410152+00,,,R,Responsory,Office,123607,150,s.c.,150,Arcivescovado - Biblioteca,I-Far,Firenze (Florence),4153,2020-06-18 19:20:24.024+00,2020-06-18 19:20:24.026+00,,,M,Matins,1975,Pro defunctis,Chants for the Dead
237939,,Clamantes et dicentes,262v,161,123607,007092a,,4153,01,1975,?,,,,'arcivescovado':6A 'biblioteca':7A 'clamant':1A 'defuncti':11B 'dicent':3A 'et':2A 'firenz':4A 'florenc':5A 'm':12B 'pro':10B 's.c':8A 'v':9B,161,2023-06-07 20:15:20.417915+00,2023-06-07 20:15:20.417919+00,,,V,Responsory verse,Office,123607,150,s.c.,150,Arcivescovado - Biblioteca,I-Far,Firenze (Florence),4153,2020-06-18 19:20:24.024+00,2020-06-18 19:20:24.026+00,,,M,Matins,1975,Pro defunctis,Chants for the Dead
431049,,Subvenite sancti dei,307r,156,123635,007716,,4153,1,1975,?,,,,'biblioteca':5A 'c.5':7A 'defuncti':10B 'dei':3A 'm':11B 'pro':9B 'r':8B 'roma':4A 'sancti':2A 'subvenit':1A 'vallicelliana':6A,156,2023-06-07 20:15:20.410148+00,2023-06-07 20:15:20.410152+00,,,R,Responsory,Office,123635,168,C.5,168,Biblioteca Vallicelliana,I-Rv,Roma,4153,2020-06-18 19:20:24.024+00,2020-06-18 19:20:24.026+00,,,M,Matins,1975,Pro defunctis,Chants for the Dead
327053,,Laudabilem virum adoremus in,137v,140,123736,100172,,4153,,1571,?,,,,'1':10A 'adoremus':3A 'biblioteka':6A 'de':12B 'kapitułi':7A 'katedralnej':8A 'kielc':5A 'laudabilem':1A 'm':14B 'ms':9A 'propheti':13B 'virum':2A,140,2023-06-07 20:15:20.389015+00,2023-06-07 20:15:20.389019+00,,,I,Invitatory antiphon,Office,123736,200,Ms. 1,200,Biblioteka Kapituły Katedralnej,PL-KIk,Kielce,4153,2020-06-18 19:20:24.024+00,2020-06-18 19:20:24.026+00,,,M,Matins,1571,De Prophetis,"Summer Histories, from the Prophets"
330135,,…opere non emendat si expectas,282r,161,123736,006301a,,4153,01,1975,?,…opere non emendat si expectas non corrigimur et si vindicas non duramur,,,"'1':23A 'biblioteka':19A 'corrigimur':12A 'defuncti':26B 'duramur':17A 'emendat':3A,8A 'et':13A 'expecta':5A,10A 'kapitułi':20A 'katedralnej':21A 'kielc':18A 'm':27B 'ms':22A 'non':2A,7A,11A,16A 'oper':1A,6A 'pro':25B 'si':4A,9A,14A 'v':24B 'vindica':15A",161,2023-06-07 20:15:20.417915+00,2023-06-07 20:15:20.417919+00,,,V,Responsory verse,Office,123736,200,Ms. 1,200,Biblioteka Kapituły Katedralnej,PL-KIk,Kielce,4153,2020-06-18 19:20:24.024+00,2020-06-18 19:20:24.026+00,,,M,Matins,1975,Pro defunctis,Chants for the Dead
599322,,Si enim hoc egero mors,272w,161,589069,006099a,,4153,01,1571,?,Si enim hoc egero mors,,,"'401':18A 'biblioteka':12A 'de':20B 'egero':4A,9A 'enim':2A,7A 'f':17A 'hoc':3A,8A 'librari':15A 'm':22B 'mor':5A,10A 'propheti':21B 'si':1A,6A 'univers':14A 'uniwersytecka':13A 'v':19B 'wroclaw':11A",161,2023-06-07 20:15:20.417915+00,2023-06-07 20:15:20.417919+00,,,V,Responsory verse,Office,589069,202,I F 401,202,Biblioteka Uniwersytecka,PL-WRu,Wroclaw,4153,2020-06-18 19:20:24.024+00,2020-06-18 19:20:24.026+00,,,M,Matins,1571,De Prophetis,"Summer Histories, from the Prophets"
358986,,Circumdederunt me gemitus,228v,140,123659,100089,,4153,,1975,?,,,,'18':11A '19':9A 'archiepiscop':7A 'archiv':8A 'arhiv':6A 'circumdederunt':1A 'defuncti':14B 'gemitus':3A 'ljubljana':4A 'm':15B 'nadškofijski':5A 'olim':10A 'pro':13B,140,2023-06-07 20:15:20.389015+00,2023-06-07 20:15:20.389019+00,,,I,Invitatory antiphon,Office,123659,206,19 (olim 18),206,Nadškofijski arhiv (Archiepiscopal Archives),SI-Lna,Ljubljana,4153,2020-06-18 19:20:24.024+00,2020-06-18 19:20:24.026+00,,,M,Matins,1975,Pro defunctis,Chants for the Dead
